State Name,Lat,Long,Year,Annual Rainfall(mm)
Andaman & Nicobar Islands,12.61124,92.83165,1901,3373.2
Andaman & Nicobar Islands,12.61124,92.83165,1902,3520.7
Andaman & Nicobar Islands,12.61124,92.83165,1903,2957.4
Andaman & Nicobar Islands,12.61124,92.83165,1904,3079.5999999999995
Andaman & Nicobar Islands,12.61124,92.83165,1905,2566.7
Andaman & Nicobar Islands,12.61124,92.83165,1906,2534.4
Andaman & Nicobar Islands,12.61124,92.83165,1907,3347.9
Andaman & Nicobar Islands,12.61124,92.83165,1908,3576.4
Andaman & Nicobar Islands,12.61124,92.83165,1910,2899.4
Andaman & Nicobar Islands,12.61124,92.83165,1911,2687.2
Andaman & Nicobar Islands,12.61124,92.83165,1912,2960.4999999999995
Andaman & Nicobar Islands,12.61124,92.83165,1913,2365.8
Andaman & Nicobar Islands,12.61124,92.83165,1914,2957.8
Andaman & Nicobar Islands,12.61124,92.83165,1915,2741.3
Andaman & Nicobar Islands,12.61124,92.83165,1916,2937.4999999999995
Andaman & Nicobar Islands,12.61124,92.83165,1917,2612.4000000000005
Andaman & Nicobar Islands,12.61124,92.83165,1918,3275.0000000000005
Andaman & Nicobar Islands,12.61124,92.83165,1919,2352.1
Andaman & Nicobar Islands,12.61124,92.83165,1920,2943.200000000001
Andaman & Nicobar Islands,12.61124,92.83165,1921,2606.4
Andaman & Nicobar Islands,12.61124,92.83165,1922,3554.2
Andaman & Nicobar Islands,12.61124,92.83165,1923,3079.5955034680696
Andaman & Nicobar Islands,12.61124,92.83165,1924,2349.6348575532675
Andaman & Nicobar Islands,12.61124,92.83165,1925,2480.5
Andaman & Nicobar Islands,12.61124,92.83165,1926,3282.200000000001
Andaman & Nicobar Islands,12.61124,92.83165,1927,2442.9
Andaman & Nicobar Islands,12.61124,92.83165,1928,2998.3
Andaman & Nicobar Islands,12.61124,92.83165,1929,2926.6
Andaman & Nicobar Islands,12.61124,92.83165,1930,3075.1000000000013
Andaman & Nicobar Islands,12.61124,92.83165,1931,2357.7000000000007
Andaman & Nicobar Islands,12.61124,92.83165,1932,1771.2257592275105
Andaman & Nicobar Islands,12.61124,92.83165,1933,2987.5000000000005
Andaman & Nicobar Islands,12.61124,92.83165,1934,3722.8
Andaman & Nicobar Islands,12.61124,92.83165,1935,3154.0000000000005
Andaman & Nicobar Islands,12.61124,92.83165,1936,3081.781711690175
Andaman & Nicobar Islands,12.61124,92.83165,1937,3591.1
Andaman & Nicobar Islands,12.61124,92.83165,1938,3264.4
Andaman & Nicobar Islands,12.61124,92.83165,1939,2782.5
Andaman & Nicobar Islands,12.61124,92.83165,1940,3007.5
Andaman & Nicobar Islands,12.61124,92.83165,1941,2898.200000000001
Andaman & Nicobar Islands,12.61124,92.83165,1942,1420.6494849020075
Andaman & Nicobar Islands,12.61124,92.83165,1946,2791.6000000000013
Andaman & Nicobar Islands,12.61124,92.83165,1947,3092.1118631906243
Andaman & Nicobar Islands,12.61124,92.83165,1949,3489.5999999999995
Andaman & Nicobar Islands,12.61124,92.83165,1950,2422.2000000000007
Andaman & Nicobar Islands,12.61124,92.83165,1951,3275.1
Andaman & Nicobar Islands,12.61124,92.83165,1952,3079.9
Andaman & Nicobar Islands,12.61124,92.83165,1953,2722.0
Andaman & Nicobar Islands,12.61124,92.83165,1954,3449.0
Andaman & Nicobar Islands,12.61124,92.83165,1955,3349.6000000000013
Andaman & Nicobar Islands,12.61124,92.83165,1956,3079.9
Andaman & Nicobar Islands,12.61124,92.83165,1957,2507.2
Andaman & Nicobar Islands,12.61124,92.83165,1958,2807.4
Andaman & Nicobar Islands,12.61124,92.83165,1959,3343.4
Andaman & Nicobar Islands,12.61124,92.83165,1960,3025.1
Andaman & Nicobar Islands,12.61124,92.83165,1961,3938.2
Andaman & Nicobar Islands,12.61124,92.83165,1962,2959.7
Andaman & Nicobar Islands,12.61124,92.83165,1963,2981.700000000001
Andaman & Nicobar Islands,12.61124,92.83165,1964,3054.8
Andaman & Nicobar Islands,12.61124,92.83165,1965,3163.9000000000005
Andaman & Nicobar Islands,12.61124,92.83165,1966,2701.2000000000007
Andaman & Nicobar Islands,12.61124,92.83165,1967,3216.5999999999995
Andaman & Nicobar Islands,12.61124,92.83165,1968,2762.8
Andaman & Nicobar Islands,12.61124,92.83165,1969,2619.2000000000007
Andaman & Nicobar Islands,12.61124,92.83165,1970,3370.9
Andaman & Nicobar Islands,12.61124,92.83165,1971,2998.700000000001
Andaman & Nicobar Islands,12.61124,92.83165,1972,3323.1000000000013
Andaman & Nicobar Islands,12.61124,92.83165,1973,2990.9999999999995
Andaman & Nicobar Islands,12.61124,92.83165,1974,2962.1000000000013
Andaman & Nicobar Islands,12.61124,92.83165,1975,3085.5999999999995
Andaman & Nicobar Islands,12.61124,92.83165,1976,3275.9999999999995
Andaman & Nicobar Islands,12.61124,92.83165,1977,2388.2
Andaman & Nicobar Islands,12.61124,92.83165,1978,2712.4
Andaman & Nicobar Islands,12.61124,92.83165,1979,1849.3
Andaman & Nicobar Islands,12.61124,92.83165,1980,3625.3
Andaman & Nicobar Islands,12.61124,92.83165,1981,3074.7
Andaman & Nicobar Islands,12.61124,92.83165,1982,2384.5
Andaman & Nicobar Islands,12.61124,92.83165,1983,2792.5000000000005
Andaman & Nicobar Islands,12.61124,92.83165,1984,2820.3
Andaman & Nicobar Islands,12.61124,92.83165,1985,2630.8
Andaman & Nicobar Islands,12.61124,92.83165,1986,2187.9
Andaman & Nicobar Islands,12.61124,92.83165,1987,2763.9
Andaman & Nicobar Islands,12.61124,92.83165,1988,3323.1000000000013
Andaman & Nicobar Islands,12.61124,92.83165,1989,2533.7000000000007
Andaman & Nicobar Islands,12.61124,92.83165,1990,2183.2
Andaman & Nicobar Islands,12.61124,92.83165,1991,2535.6
Andaman & Nicobar Islands,12.61124,92.83165,1992,2098.6
Andaman & Nicobar Islands,12.61124,92.83165,1993,2237.4
Andaman & Nicobar Islands,12.61124,92.83165,1994,3263.1000000000013
Andaman & Nicobar Islands,12.61124,92.83165,1995,3115.4999999999995
Andaman & Nicobar Islands,12.61124,92.83165,1996,2996.9
Andaman & Nicobar Islands,12.61124,92.83165,1997,2755.1
Andaman & Nicobar Islands,12.61124,92.83165,1998,2846.4
Andaman & Nicobar Islands,12.61124,92.83165,1999,2699.7
Andaman & Nicobar Islands,12.61124,92.83165,2000,2763.1
Andaman & Nicobar Islands,12.61124,92.83165,2001,3080.8
Andaman & Nicobar Islands,12.61124,92.83165,2002,2620.1
Andaman & Nicobar Islands,12.61124,92.83165,2003,2355.7000000000007
Andaman & Nicobar Islands,12.61124,92.83165,2004,2460.0000000000005
Andaman & Nicobar Islands,12.61124,92.83165,2005,2954.5
Andaman & Nicobar Islands,12.61124,92.83165,2006,2404.7
Andaman & Nicobar Islands,12.61124,92.83165,2007,2748.2000000000007
Andaman & Nicobar Islands,12.61124,92.83165,2008,3374.9
Andaman & Nicobar Islands,12.61124,92.83165,2009,2538.6
Andaman & Nicobar Islands,12.61124,92.83165,2010,3157.1
Andaman & Nicobar Islands,12.61124,92.83165,2011,3828.000000000002
Andaman & Nicobar Islands,12.61124,92.83165,2012,3497.6
Andaman & Nicobar Islands,12.61124,92.83165,2013,3757.7
Andaman & Nicobar Islands,12.61124,92.83165,2014,2622.5
Andaman & Nicobar Islands,12.61124,92.83165,2015,2904.5
Andaman & Nicobar Islands,12.61124,92.83165,2016,2851.9
Andaman & Nicobar Islands,12.61124,92.83165,2017,2890.0
Arunachal Pradesh,28.093770000000006,94.59213,1916,3519.004035242135
Arunachal Pradesh,28.093770000000006,94.59213,1917,3626.395503468071
Arunachal Pradesh,28.093770000000006,94.59213,1918,5486.3
Arunachal Pradesh,28.093770000000006,94.59213,1919,4693.9000000000015
Arunachal Pradesh,28.093770000000006,94.59213,1920,4106.7
Arunachal Pradesh,28.093770000000006,94.59213,1921,5691.4
Arunachal Pradesh,28.093770000000006,94.59213,1922,4187.2
Arunachal Pradesh,28.093770000000006,94.59213,1923,3507.5
Arunachal Pradesh,28.093770000000006,94.59213,1924,4450.5
Arunachal Pradesh,28.093770000000006,94.59213,1925,4439.8
Arunachal Pradesh,28.093770000000006,94.59213,1926,3521.6
Arunachal Pradesh,28.093770000000006,94.59213,1927,5253.200000000002
Arunachal Pradesh,28.093770000000006,94.59213,1928,5272.700000000002
Arunachal Pradesh,28.093770000000006,94.59213,1929,4320.1
Arunachal Pradesh,28.093770000000006,94.59213,1930,4334.299999999998
Arunachal Pradesh,28.093770000000006,94.59213,1931,4872.099999999999
Arunachal Pradesh,28.093770000000006,94.59213,1932,4850.899999999999
Arunachal Pradesh,28.093770000000006,94.59213,1933,3773.4
Arunachal Pradesh,28.093770000000006,94.59213,1934,4575.6
Arunachal Pradesh,28.093770000000006,94.59213,1935,4173.499999999999
Arunachal Pradesh,28.093770000000006,94.59213,1936,4788.700000000002
Arunachal Pradesh,28.093770000000006,94.59213,1937,3375.1
Arunachal Pradesh,28.093770000000006,94.59213,1938,6129.100000000001
Arunachal Pradesh,28.093770000000006,94.59213,1939,3898.6
Arunachal Pradesh,28.093770000000006,94.59213,1940,4099.5
Arunachal Pradesh,28.093770000000006,94.59213,1941,4220.2
Arunachal Pradesh,28.093770000000006,94.59213,1942,3828.299999999999
Arunachal Pradesh,28.093770000000006,94.59213,1943,4326.6
Arunachal Pradesh,28.093770000000006,94.59213,1944,3904.3
Arunachal Pradesh,28.093770000000006,94.59213,1945,3649.2
Arunachal Pradesh,28.093770000000006,94.59213,1946,4011.2
Arunachal Pradesh,28.093770000000006,94.59213,1947,4369.099999999999
Arunachal Pradesh,28.093770000000006,94.59213,1948,6331.099999999999
Arunachal Pradesh,28.093770000000006,94.59213,1949,4874.8
Arunachal Pradesh,28.093770000000006,94.59213,1950,2621.247704447633
Arunachal Pradesh,28.093770000000006,94.59213,1951,3354.3
Arunachal Pradesh,28.093770000000006,94.59213,1952,2396.1
Arunachal Pradesh,28.093770000000006,94.59213,1953,2675.714712918661
Arunachal Pradesh,28.093770000000006,94.59213,1957,3843.93764920706
Arunachal Pradesh,28.093770000000006,94.59213,1958,5063.5
Arunachal Pradesh,28.093770000000006,94.59213,1959,4195.5
Arunachal Pradesh,28.093770000000006,94.59213,1960,3709.400000000001
Arunachal Pradesh,28.093770000000006,94.59213,1961,3676.5
Arunachal Pradesh,28.093770000000006,94.59213,1962,4810.825542419168
Arunachal Pradesh,28.093770000000006,94.59213,1963,4138.0
Arunachal Pradesh,28.093770000000006,94.59213,1964,4959.299999999998
Arunachal Pradesh,28.093770000000006,94.59213,1965,2196.8
Arunachal Pradesh,28.093770000000006,94.59213,1966,2209.7000000000007
Arunachal Pradesh,28.093770000000006,94.59213,1967,1668.5
Arunachal Pradesh,28.093770000000006,94.59213,1968,2138.9
Arunachal Pradesh,28.093770000000006,94.59213,1969,1877.8
Arunachal Pradesh,28.093770000000006,94.59213,1970,1973.4
Arunachal Pradesh,28.093770000000006,94.59213,1971,2184.600000000001
Arunachal Pradesh,28.093770000000006,94.59213,1972,2281.3
Arunachal Pradesh,28.093770000000006,94.59213,1973,2457.6
Arunachal Pradesh,28.093770000000006,94.59213,1974,3064.0
Arunachal Pradesh,28.093770000000006,94.59213,1975,2213.4
Arunachal Pradesh,28.093770000000006,94.59213,1976,2419.6
Arunachal Pradesh,28.093770000000006,94.59213,1977,3774.4
Arunachal Pradesh,28.093770000000006,94.59213,1978,2531.0
Arunachal Pradesh,28.093770000000006,94.59213,1979,2773.7
Arunachal Pradesh,28.093770000000006,94.59213,1980,3215.4000000000005
Arunachal Pradesh,28.093770000000006,94.59213,1981,2790.8
Arunachal Pradesh,28.093770000000006,94.59213,1982,2779.4
Arunachal Pradesh,28.093770000000006,94.59213,1983,3335.1
Arunachal Pradesh,28.093770000000006,94.59213,1984,3278.0999999999995
Arunachal Pradesh,28.093770000000006,94.59213,1985,3266.4
Arunachal Pradesh,28.093770000000006,94.59213,1986,2495.6
Arunachal Pradesh,28.093770000000006,94.59213,1987,3433.2999999999997
Arunachal Pradesh,28.093770000000006,94.59213,1988,4155.4
Arunachal Pradesh,28.093770000000006,94.59213,1989,3281.7
Arunachal Pradesh,28.093770000000006,94.59213,1990,3604.1
Arunachal Pradesh,28.093770000000006,94.59213,1991,3434.5000000000005
Arunachal Pradesh,28.093770000000006,94.59213,1992,2706.8
Arunachal Pradesh,28.093770000000006,94.59213,1993,3348.9
Arunachal Pradesh,28.093770000000006,94.59213,1994,2287.3
Arunachal Pradesh,28.093770000000006,94.59213,1995,3068.8
Arunachal Pradesh,28.093770000000006,94.59213,1996,2520.6
Arunachal Pradesh,28.093770000000006,94.59213,1997,2274.9
Arunachal Pradesh,28.093770000000006,94.59213,1998,3616.7
Arunachal Pradesh,28.093770000000006,94.59213,1999,2316.7000000000007
Arunachal Pradesh,28.093770000000006,94.59213,2000,2596.9000000000005
Arunachal Pradesh,28.093770000000006,94.59213,2001,2035.9
Arunachal Pradesh,28.093770000000006,94.59213,2002,2389.3
Arunachal Pradesh,28.093770000000006,94.59213,2003,2451.7
Arunachal Pradesh,28.093770000000006,94.59213,2004,2545.8
Arunachal Pradesh,28.093770000000006,94.59213,2005,2335.5
Arunachal Pradesh,28.093770000000006,94.59213,2006,2259.399999999999
Arunachal Pradesh,28.093770000000006,94.59213,2007,3020.6000000000013
Arunachal Pradesh,28.093770000000006,94.59213,2008,2244.4999999999995
Arunachal Pradesh,28.093770000000006,94.59213,2009,1750.0000000000002
Arunachal Pradesh,28.093770000000006,94.59213,2010,2855.5999999999995
Arunachal Pradesh,28.093770000000006,94.59213,2011,2193.5999999999995
Arunachal Pradesh,28.093770000000006,94.59213,2012,3440.4999999999995
Arunachal Pradesh,28.093770000000006,94.59213,2013,2042.9
Arunachal Pradesh,28.093770000000006,94.59213,2014,2403.0999999999995
Arunachal Pradesh,28.093770000000006,94.59213,2015,2767.5
Arunachal Pradesh,28.093770000000006,94.59213,2016,2706.8
Arunachal Pradesh,28.093770000000006,94.59213,2017,2745.5
Assam & Meghalaya,25.91460265,91.84475808,1901,2498.7
Assam & Meghalaya,25.91460265,91.84475808,1902,2952.1000000000013
Assam & Meghalaya,25.91460265,91.84475808,1903,2544.600000000001
Assam & Meghalaya,25.91460265,91.84475808,1904,2664.2000000000007
Assam & Meghalaya,25.91460265,91.84475808,1905,2790.700000000001
Assam & Meghalaya,25.91460265,91.84475808,1906,2663.2
Assam & Meghalaya,25.91460265,91.84475808,1907,2521.3
Assam & Meghalaya,25.91460265,91.84475808,1908,2277.8
Assam & Meghalaya,25.91460265,91.84475808,1909,2377.0
Assam & Meghalaya,25.91460265,91.84475808,1910,2887.3
Assam & Meghalaya,25.91460265,91.84475808,1911,3096.1000000000013
Assam & Meghalaya,25.91460265,91.84475808,1912,2743.4
Assam & Meghalaya,25.91460265,91.84475808,1913,2760.4999999999995
Assam & Meghalaya,25.91460265,91.84475808,1914,2343.9
Assam & Meghalaya,25.91460265,91.84475808,1915,3165.2
Assam & Meghalaya,25.91460265,91.84475808,1916,2601.0000000000005
Assam & Meghalaya,25.91460265,91.84475808,1917,2520.0
Assam & Meghalaya,25.91460265,91.84475808,1918,3106.8
Assam & Meghalaya,25.91460265,91.84475808,1919,2344.0999999999995
Assam & Meghalaya,25.91460265,91.84475808,1920,2623.7000000000007
Assam & Meghalaya,25.91460265,91.84475808,1921,2999.5
Assam & Meghalaya,25.91460265,91.84475808,1922,2262.0000000000005
Assam & Meghalaya,25.91460265,91.84475808,1923,2440.4
Assam & Meghalaya,25.91460265,91.84475808,1924,2691.6
Assam & Meghalaya,25.91460265,91.84475808,1925,2550.4999999999995
Assam & Meghalaya,25.91460265,91.84475808,1926,2511.5999999999995
Assam & Meghalaya,25.91460265,91.84475808,1927,2792.9
Assam & Meghalaya,25.91460265,91.84475808,1928,2634.1
Assam & Meghalaya,25.91460265,91.84475808,1929,2953.8
Assam & Meghalaya,25.91460265,91.84475808,1930,2550.8
Assam & Meghalaya,25.91460265,91.84475808,1931,2800.1
Assam & Meghalaya,25.91460265,91.84475808,1932,2888.6000000000013
Assam & Meghalaya,25.91460265,91.84475808,1933,2339.1
Assam & Meghalaya,25.91460265,91.84475808,1934,3074.800000000001
Assam & Meghalaya,25.91460265,91.84475808,1935,2678.5
Assam & Meghalaya,25.91460265,91.84475808,1936,2671.3
Assam & Meghalaya,25.91460265,91.84475808,1937,2324.600000000001
Assam & Meghalaya,25.91460265,91.84475808,1938,2786.5
Assam & Meghalaya,25.91460265,91.84475808,1939,2401.5000000000005
Assam & Meghalaya,25.91460265,91.84475808,1940,2451.7
Assam & Meghalaya,25.91460265,91.84475808,1941,2709.4
Assam & Meghalaya,25.91460265,91.84475808,1942,2677.100000000001
Assam & Meghalaya,25.91460265,91.84475808,1943,2703.8
Assam & Meghalaya,25.91460265,91.84475808,1944,2524.4
Assam & Meghalaya,25.91460265,91.84475808,1945,2665.7
Assam & Meghalaya,25.91460265,91.84475808,1946,2679.5000000000005
Assam & Meghalaya,25.91460265,91.84475808,1947,2643.2000000000007
Assam & Meghalaya,25.91460265,91.84475808,1948,3185.5000000000005
Assam & Meghalaya,25.91460265,91.84475808,1949,2983.3
Assam & Meghalaya,25.91460265,91.84475808,1950,2392.4
Assam & Meghalaya,25.91460265,91.84475808,1951,2613.9
Assam & Meghalaya,25.91460265,91.84475808,1952,2851.2999999999997
Assam & Meghalaya,25.91460265,91.84475808,1953,2560.0
Assam & Meghalaya,25.91460265,91.84475808,1954,2859.200000000001
Assam & Meghalaya,25.91460265,91.84475808,1955,2761.200000000001
Assam & Meghalaya,25.91460265,91.84475808,1956,2802.9000000000005
Assam & Meghalaya,25.91460265,91.84475808,1957,2256.9999999999995
Assam & Meghalaya,25.91460265,91.84475808,1958,2626.5
Assam & Meghalaya,25.91460265,91.84475808,1959,2535.7
Assam & Meghalaya,25.91460265,91.84475808,1960,2342.2000000000007
Assam & Meghalaya,25.91460265,91.84475808,1961,2195.4
Assam & Meghalaya,25.91460265,91.84475808,1962,2296.0
Assam & Meghalaya,25.91460265,91.84475808,1963,2511.7
Assam & Meghalaya,25.91460265,91.84475808,1964,2729.7000000000007
Assam & Meghalaya,25.91460265,91.84475808,1965,2398.9
Assam & Meghalaya,25.91460265,91.84475808,1966,2789.3
Assam & Meghalaya,25.91460265,91.84475808,1967,2123.3
Assam & Meghalaya,25.91460265,91.84475808,1968,2530.8
Assam & Meghalaya,25.91460265,91.84475808,1969,2332.3
Assam & Meghalaya,25.91460265,91.84475808,1970,3048.5
Assam & Meghalaya,25.91460265,91.84475808,1971,2315.1
Assam & Meghalaya,25.91460265,91.84475808,1972,2379.100000000001
Assam & Meghalaya,25.91460265,91.84475808,1973,2672.1
Assam & Meghalaya,25.91460265,91.84475808,1974,3403.6
Assam & Meghalaya,25.91460265,91.84475808,1975,2270.6
Assam & Meghalaya,25.91460265,91.84475808,1976,1956.0
Assam & Meghalaya,25.91460265,91.84475808,1977,2616.7
Assam & Meghalaya,25.91460265,91.84475808,1978,2011.8
Assam & Meghalaya,25.91460265,91.84475808,1979,2188.4
Assam & Meghalaya,25.91460265,91.84475808,1980,2289.2
Assam & Meghalaya,25.91460265,91.84475808,1981,2079.3
Assam & Meghalaya,25.91460265,91.84475808,1982,2382.3
Assam & Meghalaya,25.91460265,91.84475808,1983,2620.2
Assam & Meghalaya,25.91460265,91.84475808,1984,3156.8999999999987
Assam & Meghalaya,25.91460265,91.84475808,1985,2801.700000000001
Assam & Meghalaya,25.91460265,91.84475808,1986,2592.7
Assam & Meghalaya,25.91460265,91.84475808,1987,2921.6000000000013
Assam & Meghalaya,25.91460265,91.84475808,1988,3261.700000000001
Assam & Meghalaya,25.91460265,91.84475808,1989,2682.3
Assam & Meghalaya,25.91460265,91.84475808,1990,2771.200000000001
Assam & Meghalaya,25.91460265,91.84475808,1991,2838.0
Assam & Meghalaya,25.91460265,91.84475808,1992,2259.7
Assam & Meghalaya,25.91460265,91.84475808,1993,2879.2
Assam & Meghalaya,25.91460265,91.84475808,1994,2121.3
Assam & Meghalaya,25.91460265,91.84475808,1995,2885.9999999999995
Assam & Meghalaya,25.91460265,91.84475808,1996,2466.8
Assam & Meghalaya,25.91460265,91.84475808,1997,2372.2000000000007
Assam & Meghalaya,25.91460265,91.84475808,1998,2803.1000000000013
Assam & Meghalaya,25.91460265,91.84475808,1999,2594.1
Assam & Meghalaya,25.91460265,91.84475808,2000,2486.8
Assam & Meghalaya,25.91460265,91.84475808,2001,2178.6
Assam & Meghalaya,25.91460265,91.84475808,2002,2392.6
Assam & Meghalaya,25.91460265,91.84475808,2003,2434.2000000000007
Assam & Meghalaya,25.91460265,91.84475808,2004,2994.2
Assam & Meghalaya,25.91460265,91.84475808,2005,2468.2000000000007
Assam & Meghalaya,25.91460265,91.84475808,2006,1898.7
Assam & Meghalaya,25.91460265,91.84475808,2007,2752.7
Assam & Meghalaya,25.91460265,91.84475808,2008,2339.6
Assam & Meghalaya,25.91460265,91.84475808,2009,2068.2
Assam & Meghalaya,25.91460265,91.84475808,2010,2711.4
Assam & Meghalaya,25.91460265,91.84475808,2011,1743.5000000000002
Assam & Meghalaya,25.91460265,91.84475808,2012,2609.4
Assam & Meghalaya,25.91460265,91.84475808,2013,1816.5
Assam & Meghalaya,25.91460265,91.84475808,2014,2206.2
Assam & Meghalaya,25.91460265,91.84475808,2015,2471.0
Assam & Meghalaya,25.91460265,91.84475808,2016,2266.7
Assam & Meghalaya,25.91460265,91.84475808,2017,2711.600000000001
Naga Mani Mizo Tripura,24.77697494,93.09209538,1901,2168.3
Naga Mani Mizo Tripura,24.77697494,93.09209538,1902,2174.9
Naga Mani Mizo Tripura,24.77697494,93.09209538,1903,2230.9
Naga Mani Mizo Tripura,24.77697494,93.09209538,1904,2519.600000000001
Naga Mani Mizo Tripura,24.77697494,93.09209538,1905,2527.5
Naga Mani Mizo Tripura,24.77697494,93.09209538,1906,2514.5
Naga Mani Mizo Tripura,24.77697494,93.09209538,1907,2121.8
Naga Mani Mizo Tripura,24.77697494,93.09209538,1908,2319.2000000000007
Naga Mani Mizo Tripura,24.77697494,93.09209538,1909,2308.8
Naga Mani Mizo Tripura,24.77697494,93.09209538,1910,2268.1
Naga Mani Mizo Tripura,24.77697494,93.09209538,1911,2479.800000000001
Naga Mani Mizo Tripura,24.77697494,93.09209538,1912,2308.9
Naga Mani Mizo Tripura,24.77697494,93.09209538,1913,2613.1
Naga Mani Mizo Tripura,24.77697494,93.09209538,1914,2529.100000000001
Naga Mani Mizo Tripura,24.77697494,93.09209538,1915,2819.9
Naga Mani Mizo Tripura,24.77697494,93.09209538,1916,2554.9
Naga Mani Mizo Tripura,24.77697494,93.09209538,1917,2222.2000000000007
Naga Mani Mizo Tripura,24.77697494,93.09209538,1918,3013.200000000001
Naga Mani Mizo Tripura,24.77697494,93.09209538,1919,2048.1
Naga Mani Mizo Tripura,24.77697494,93.09209538,1920,2375.7
Naga Mani Mizo Tripura,24.77697494,93.09209538,1921,2638.2
Naga Mani Mizo Tripura,24.77697494,93.09209538,1922,2462.7000000000007
Naga Mani Mizo Tripura,24.77697494,93.09209538,1923,2685.5
Naga Mani Mizo Tripura,24.77697494,93.09209538,1924,2701.7
Naga Mani Mizo Tripura,24.77697494,93.09209538,1925,2447.4
Naga Mani Mizo Tripura,24.77697494,93.09209538,1926,2463.2
Naga Mani Mizo Tripura,24.77697494,93.09209538,1927,2887.3
Naga Mani Mizo Tripura,24.77697494,93.09209538,1928,2472.4
Naga Mani Mizo Tripura,24.77697494,93.09209538,1929,2859.4000000000005
Naga Mani Mizo Tripura,24.77697494,93.09209538,1930,2487.4
Naga Mani Mizo Tripura,24.77697494,93.09209538,1931,2461.2
Naga Mani Mizo Tripura,24.77697494,93.09209538,1932,2761.8
Naga Mani Mizo Tripura,24.77697494,93.09209538,1933,2451.8
Naga Mani Mizo Tripura,24.77697494,93.09209538,1934,3040.800000000001
Naga Mani Mizo Tripura,24.77697494,93.09209538,1935,2543.3
Naga Mani Mizo Tripura,24.77697494,93.09209538,1936,2917.2
Naga Mani Mizo Tripura,24.77697494,93.09209538,1937,2741.7
Naga Mani Mizo Tripura,24.77697494,93.09209538,1938,2971.7
Naga Mani Mizo Tripura,24.77697494,93.09209538,1939,2608.4
Naga Mani Mizo Tripura,24.77697494,93.09209538,1940,2526.9
Naga Mani Mizo Tripura,24.77697494,93.09209538,1941,2966.1
Naga Mani Mizo Tripura,24.77697494,93.09209538,1942,2680.8
Naga Mani Mizo Tripura,24.77697494,93.09209538,1943,2427.9999999999995
Naga Mani Mizo Tripura,24.77697494,93.09209538,1944,2877.2
Naga Mani Mizo Tripura,24.77697494,93.09209538,1945,3051.8
Naga Mani Mizo Tripura,24.77697494,93.09209538,1946,3036.1
Naga Mani Mizo Tripura,24.77697494,93.09209538,1947,3210.4999999999995
Naga Mani Mizo Tripura,24.77697494,93.09209538,1948,2821.9999999999995
Naga Mani Mizo Tripura,24.77697494,93.09209538,1949,2976.3
Naga Mani Mizo Tripura,24.77697494,93.09209538,1950,2422.9
Naga Mani Mizo Tripura,24.77697494,93.09209538,1951,2609.4
Naga Mani Mizo Tripura,24.77697494,93.09209538,1952,2810.9
Naga Mani Mizo Tripura,24.77697494,93.09209538,1953,2661.7
Naga Mani Mizo Tripura,24.77697494,93.09209538,1954,2904.9999999999995
Naga Mani Mizo Tripura,24.77697494,93.09209538,1955,2865.3
Naga Mani Mizo Tripura,24.77697494,93.09209538,1956,3022.7
Naga Mani Mizo Tripura,24.77697494,93.09209538,1957,2303.9
Naga Mani Mizo Tripura,24.77697494,93.09209538,1958,1968.5
Naga Mani Mizo Tripura,24.77697494,93.09209538,1959,2327.6
Naga Mani Mizo Tripura,24.77697494,93.09209538,1960,1800.0
Naga Mani Mizo Tripura,24.77697494,93.09209538,1961,1901.2
Naga Mani Mizo Tripura,24.77697494,93.09209538,1962,1822.5
Naga Mani Mizo Tripura,24.77697494,93.09209538,1963,2970.0
Naga Mani Mizo Tripura,24.77697494,93.09209538,1964,2328.8
Naga Mani Mizo Tripura,24.77697494,93.09209538,1965,2031.0
Naga Mani Mizo Tripura,24.77697494,93.09209538,1966,2478.7
Naga Mani Mizo Tripura,24.77697494,93.09209538,1967,2230.0
Naga Mani Mizo Tripura,24.77697494,93.09209538,1968,2109.9999999999995
Naga Mani Mizo Tripura,24.77697494,93.09209538,1969,3610.1
Naga Mani Mizo Tripura,24.77697494,93.09209538,1970,4316.3
Naga Mani Mizo Tripura,24.77697494,93.09209538,1971,3080.9
Naga Mani Mizo Tripura,24.77697494,93.09209538,1972,1353.9
Naga Mani Mizo Tripura,24.77697494,93.09209538,1973,2106.1
Naga Mani Mizo Tripura,24.77697494,93.09209538,1974,2329.600000000001
Naga Mani Mizo Tripura,24.77697494,93.09209538,1975,2209.8
Naga Mani Mizo Tripura,24.77697494,93.09209538,1976,2651.3
Naga Mani Mizo Tripura,24.77697494,93.09209538,1977,2358.5999999999995
Naga Mani Mizo Tripura,24.77697494,93.09209538,1978,2150.6
Naga Mani Mizo Tripura,24.77697494,93.09209538,1979,1749.1999999999994
Naga Mani Mizo Tripura,24.77697494,93.09209538,1980,2304.9
Naga Mani Mizo Tripura,24.77697494,93.09209538,1981,2072.3
Naga Mani Mizo Tripura,24.77697494,93.09209538,1982,2027.5
Naga Mani Mizo Tripura,24.77697494,93.09209538,1983,2588.0999999999995
Naga Mani Mizo Tripura,24.77697494,93.09209538,1984,2454.0
Naga Mani Mizo Tripura,24.77697494,93.09209538,1985,2105.3
Naga Mani Mizo Tripura,24.77697494,93.09209538,1986,2342.2
Naga Mani Mizo Tripura,24.77697494,93.09209538,1987,2361.2
Naga Mani Mizo Tripura,24.77697494,93.09209538,1988,2820.200000000001
Naga Mani Mizo Tripura,24.77697494,93.09209538,1989,2359.100000000001
Naga Mani Mizo Tripura,24.77697494,93.09209538,1990,2582.2
Naga Mani Mizo Tripura,24.77697494,93.09209538,1991,2851.9000000000005
Naga Mani Mizo Tripura,24.77697494,93.09209538,1992,2221.5
Naga Mani Mizo Tripura,24.77697494,93.09209538,1993,2881.700000000001
Naga Mani Mizo Tripura,24.77697494,93.09209538,1994,1712.5
Naga Mani Mizo Tripura,24.77697494,93.09209538,1995,2340.1
Naga Mani Mizo Tripura,24.77697494,93.09209538,1996,2194.6
Naga Mani Mizo Tripura,24.77697494,93.09209538,1997,2212.100000000001
Naga Mani Mizo Tripura,24.77697494,93.09209538,1998,2225.4000000000005
Naga Mani Mizo Tripura,24.77697494,93.09209538,1999,2232.9
Naga Mani Mizo Tripura,24.77697494,93.09209538,2000,2363.9
Naga Mani Mizo Tripura,24.77697494,93.09209538,2001,2149.2
Naga Mani Mizo Tripura,24.77697494,93.09209538,2002,2242.4
Naga Mani Mizo Tripura,24.77697494,93.09209538,2003,2162.3
Naga Mani Mizo Tripura,24.77697494,93.09209538,2004,2353.7000000000007
Naga Mani Mizo Tripura,24.77697494,93.09209538,2005,1836.7
Naga Mani Mizo Tripura,24.77697494,93.09209538,2006,1872.2
Naga Mani Mizo Tripura,24.77697494,93.09209538,2007,2538.3
Naga Mani Mizo Tripura,24.77697494,93.09209538,2008,1748.9
Naga Mani Mizo Tripura,24.77697494,93.09209538,2009,1737.7
Naga Mani Mizo Tripura,24.77697494,93.09209538,2010,2295.2
Naga Mani Mizo Tripura,24.77697494,93.09209538,2011,1892.2
Naga Mani Mizo Tripura,24.77697494,93.09209538,2012,1923.000000000001
Naga Mani Mizo Tripura,24.77697494,93.09209538,2013,1557.1
Naga Mani Mizo Tripura,24.77697494,93.09209538,2014,1599.9
Naga Mani Mizo Tripura,24.77697494,93.09209538,2015,1922.2000000000005
Naga Mani Mizo Tripura,24.77697494,93.09209538,2016,1956.4
Naga Mani Mizo Tripura,24.77697494,93.09209538,2017,2805.3
Sub Himalayan West Bengal & Sikkim,26.38389746,88.16117114,1901,2113.100000000001
Sub Himalayan West Bengal & Sikkim,26.38389746,88.16117114,1902,3180.3
Sub Himalayan West Bengal & Sikkim,26.38389746,88.16117114,1903,2404.3
Sub Himalayan West Bengal & Sikkim,26.38389746,88.16117114,1904,2169.9
Sub Himalayan West Bengal & Sikkim,26.38389746,88.16117114,1905,3004.9999999999995
Sub Himalayan West Bengal & Sikkim,26.38389746,88.16117114,1906,2617.9
Sub Himalayan West Bengal & Sikkim,26.38389746,88.16117114,1907,2530.0
Sub Himalayan West Bengal & Sikkim,26.38389746,88.16117114,1908,1988.2
Sub Himalayan West Bengal & Sikkim,26.38389746,88.16117114,1909,2670.2000000000007
Sub Himalayan West Bengal & Sikkim,26.38389746,88.16117114,1910,3046.0999999999995
Sub Himalayan West Bengal & Sikkim,26.38389746,88.16117114,1911,3194.1000000000013
Sub Himalayan West Bengal & Sikkim,26.38389746,88.16117114,1912,2793.7
Sub Himalayan West Bengal & Sikkim,26.38389746,88.16117114,1913,2934.9
Sub Himalayan West Bengal & Sikkim,26.38389746,88.16117114,1914,2414.300000000001
Sub Himalayan West Bengal & Sikkim,26.38389746,88.16117114,1915,2504.9999999999995
Sub Himalayan West Bengal & Sikkim,26.38389746,88.16117114,1916,3476.8
Sub Himalayan West Bengal & Sikkim,26.38389746,88.16117114,1917,2841.8
Sub Himalayan West Bengal & Sikkim,26.38389746,88.16117114,1918,2981.7
Sub Himalayan West Bengal & Sikkim,26.38389746,88.16117114,1919,2544.4
Sub Himalayan West Bengal & Sikkim,26.38389746,88.16117114,1920,2884.1
Sub Himalayan West Bengal & Sikkim,26.38389746,88.16117114,1921,3513.3
Sub Himalayan West Bengal & Sikkim,26.38389746,88.16117114,1922,3001.7
Sub Himalayan West Bengal & Sikkim,26.38389746,88.16117114,1923,2488.9
Sub Himalayan West Bengal & Sikkim,26.38389746,88.16117114,1924,2950.8
Sub Himalayan West Bengal & Sikkim,26.38389746,88.16117114,1925,2886.5000000000005
Sub Himalayan West Bengal & Sikkim,26.38389746,88.16117114,1926,2637.600000000001
Sub Himalayan West Bengal & Sikkim,26.38389746,88.16117114,1927,2732.2000000000007
Sub Himalayan West Bengal & Sikkim,26.38389746,88.16117114,1928,2869.0000000000005
Sub Himalayan West Bengal & Sikkim,26.38389746,88.16117114,1929,2931.3
Sub Himalayan West Bengal & Sikkim,26.38389746,88.16117114,1930,2184.2000000000007
Sub Himalayan West Bengal & Sikkim,26.38389746,88.16117114,1931,2876.3999999999987
Sub Himalayan West Bengal & Sikkim,26.38389746,88.16117114,1932,2715.6
Sub Himalayan West Bengal & Sikkim,26.38389746,88.16117114,1933,2514.1
Sub Himalayan West Bengal & Sikkim,26.38389746,88.16117114,1934,2612.9000000000005
Sub Himalayan West Bengal & Sikkim,26.38389746,88.16117114,1935,2785.1000000000013
Sub Himalayan West Bengal & Sikkim,26.38389746,88.16117114,1936,2660.3
Sub Himalayan West Bengal & Sikkim,26.38389746,88.16117114,1937,2568.3
Sub Himalayan West Bengal & Sikkim,26.38389746,88.16117114,1938,3249.200000000001
Sub Himalayan West Bengal & Sikkim,26.38389746,88.16117114,1939,2591.0000000000005
Sub Himalayan West Bengal & Sikkim,26.38389746,88.16117114,1940,2320.2
Sub Himalayan West Bengal & Sikkim,26.38389746,88.16117114,1941,2717.9
Sub Himalayan West Bengal & Sikkim,26.38389746,88.16117114,1942,2365.3
Sub Himalayan West Bengal & Sikkim,26.38389746,88.16117114,1943,2917.6000000000013
Sub Himalayan West Bengal & Sikkim,26.38389746,88.16117114,1944,2583.2
Sub Himalayan West Bengal & Sikkim,26.38389746,88.16117114,1945,2755.4000000000005
Sub Himalayan West Bengal & Sikkim,26.38389746,88.16117114,1946,2768.4
Sub Himalayan West Bengal & Sikkim,26.38389746,88.16117114,1947,2534.2
Sub Himalayan West Bengal & Sikkim,26.38389746,88.16117114,1948,2936.5
Sub Himalayan West Bengal & Sikkim,26.38389746,88.16117114,1949,3287.6
Sub Himalayan West Bengal & Sikkim,26.38389746,88.16117114,1950,2762.6
Sub Himalayan West Bengal & Sikkim,26.38389746,88.16117114,1951,2683.2
Sub Himalayan West Bengal & Sikkim,26.38389746,88.16117114,1952,3270.9
Sub Himalayan West Bengal & Sikkim,26.38389746,88.16117114,1953,2594.0
Sub Himalayan West Bengal & Sikkim,26.38389746,88.16117114,1954,3055.7
Sub Himalayan West Bengal & Sikkim,26.38389746,88.16117114,1955,2992.8
Sub Himalayan West Bengal & Sikkim,26.38389746,88.16117114,1956,2885.4
Sub Himalayan West Bengal & Sikkim,26.38389746,88.16117114,1957,2225.5
Sub Himalayan West Bengal & Sikkim,26.38389746,88.16117114,1958,2820.2
Sub Himalayan West Bengal & Sikkim,26.38389746,88.16117114,1959,2580.2
Sub Himalayan West Bengal & Sikkim,26.38389746,88.16117114,1960,2610.4
Sub Himalayan West Bengal & Sikkim,26.38389746,88.16117114,1961,2304.2
Sub Himalayan West Bengal & Sikkim,26.38389746,88.16117114,1962,2521.8
Sub Himalayan West Bengal & Sikkim,26.38389746,88.16117114,1963,2604.8
Sub Himalayan West Bengal & Sikkim,26.38389746,88.16117114,1964,2981.5
Sub Himalayan West Bengal & Sikkim,26.38389746,88.16117114,1965,2762.7999999999997
Sub Himalayan West Bengal & Sikkim,26.38389746,88.16117114,1966,2515.4000000000005
Sub Himalayan West Bengal & Sikkim,26.38389746,88.16117114,1967,2860.5
Sub Himalayan West Bengal & Sikkim,26.38389746,88.16117114,1968,3378.8
Sub Himalayan West Bengal & Sikkim,26.38389746,88.16117114,1969,2424.8
Sub Himalayan West Bengal & Sikkim,26.38389746,88.16117114,1970,2702.2
Sub Himalayan West Bengal & Sikkim,26.38389746,88.16117114,1971,3226.9
Sub Himalayan West Bengal & Sikkim,26.38389746,88.16117114,1972,2414.600000000001
Sub Himalayan West Bengal & Sikkim,26.38389746,88.16117114,1973,2804.6000000000013
Sub Himalayan West Bengal & Sikkim,26.38389746,88.16117114,1974,3341.5000000000005
Sub Himalayan West Bengal & Sikkim,26.38389746,88.16117114,1975,2663.8
Sub Himalayan West Bengal & Sikkim,26.38389746,88.16117114,1976,2793.9999999999995
Sub Himalayan West Bengal & Sikkim,26.38389746,88.16117114,1977,2906.4000000000005
Sub Himalayan West Bengal & Sikkim,26.38389746,88.16117114,1978,2377.9000000000005
Sub Himalayan West Bengal & Sikkim,26.38389746,88.16117114,1979,2511.7
Sub Himalayan West Bengal & Sikkim,26.38389746,88.16117114,1980,3148.6
Sub Himalayan West Bengal & Sikkim,26.38389746,88.16117114,1981,2969.3
Sub Himalayan West Bengal & Sikkim,26.38389746,88.16117114,1982,2337.5
Sub Himalayan West Bengal & Sikkim,26.38389746,88.16117114,1983,2838.7
Sub Himalayan West Bengal & Sikkim,26.38389746,88.16117114,1984,2748.4
Sub Himalayan West Bengal & Sikkim,26.38389746,88.16117114,1985,3037.9
Sub Himalayan West Bengal & Sikkim,26.38389746,88.16117114,1986,2365.4
Sub Himalayan West Bengal & Sikkim,26.38389746,88.16117114,1987,3185.4999999999995
Sub Himalayan West Bengal & Sikkim,26.38389746,88.16117114,1988,3141.5
Sub Himalayan West Bengal & Sikkim,26.38389746,88.16117114,1989,2854.5999999999995
Sub Himalayan West Bengal & Sikkim,26.38389746,88.16117114,1990,3565.4
Sub Himalayan West Bengal & Sikkim,26.38389746,88.16117114,1991,3072.200000000001
Sub Himalayan West Bengal & Sikkim,26.38389746,88.16117114,1992,2358.9
Sub Himalayan West Bengal & Sikkim,26.38389746,88.16117114,1993,2895.9
Sub Himalayan West Bengal & Sikkim,26.38389746,88.16117114,1994,2127.1
Sub Himalayan West Bengal & Sikkim,26.38389746,88.16117114,1995,3557.7
Sub Himalayan West Bengal & Sikkim,26.38389746,88.16117114,1996,2800.200000000001
Sub Himalayan West Bengal & Sikkim,26.38389746,88.16117114,1997,2551.4000000000005
Sub Himalayan West Bengal & Sikkim,26.38389746,88.16117114,1998,3655.2
Sub Himalayan West Bengal & Sikkim,26.38389746,88.16117114,1999,3323.3
Sub Himalayan West Bengal & Sikkim,26.38389746,88.16117114,2000,2908.1
Sub Himalayan West Bengal & Sikkim,26.38389746,88.16117114,2001,2612.600000000001
Sub Himalayan West Bengal & Sikkim,26.38389746,88.16117114,2002,2546.9
Sub Himalayan West Bengal & Sikkim,26.38389746,88.16117114,2003,2723.0
Sub Himalayan West Bengal & Sikkim,26.38389746,88.16117114,2004,2714.8
Sub Himalayan West Bengal & Sikkim,26.38389746,88.16117114,2005,2807.7
Sub Himalayan West Bengal & Sikkim,26.38389746,88.16117114,2006,2262.100000000001
Sub Himalayan West Bengal & Sikkim,26.38389746,88.16117114,2007,2638.7000000000007
Sub Himalayan West Bengal & Sikkim,26.38389746,88.16117114,2008,2689.8
Sub Himalayan West Bengal & Sikkim,26.38389746,88.16117114,2009,2324.7
Sub Himalayan West Bengal & Sikkim,26.38389746,88.16117114,2010,2612.5
Sub Himalayan West Bengal & Sikkim,26.38389746,88.16117114,2011,2418.8
Sub Himalayan West Bengal & Sikkim,26.38389746,88.16117114,2012,2632.3
Sub Himalayan West Bengal & Sikkim,26.38389746,88.16117114,2013,2406.1
Sub Himalayan West Bengal & Sikkim,26.38389746,88.16117114,2014,2322.5000000000005
Sub Himalayan West Bengal & Sikkim,26.38389746,88.16117114,2015,2518.5
Sub Himalayan West Bengal & Sikkim,26.38389746,88.16117114,2016,2624.8
Sub Himalayan West Bengal & Sikkim,26.38389746,88.16117114,2017,2684.8
Gangetic West Bengal,24.58628043,87.96797645,1901,1487.7
Gangetic West Bengal,24.58628043,87.96797645,1902,1347.6
Gangetic West Bengal,24.58628043,87.96797645,1903,1354.3
Gangetic West Bengal,24.58628043,87.96797645,1904,1383.0999999999997
Gangetic West Bengal,24.58628043,87.96797645,1905,1667.0
Gangetic West Bengal,24.58628043,87.96797645,1906,1395.5000000000002
Gangetic West Bengal,24.58628043,87.96797645,1907,1337.1
Gangetic West Bengal,24.58628043,87.96797645,1908,1399.8000000000006
Gangetic West Bengal,24.58628043,87.96797645,1909,1697.7
Gangetic West Bengal,24.58628043,87.96797645,1910,1385.9
Gangetic West Bengal,24.58628043,87.96797645,1911,1264.9
Gangetic West Bengal,24.58628043,87.96797645,1912,1347.4
Gangetic West Bengal,24.58628043,87.96797645,1913,1826.8
Gangetic West Bengal,24.58628043,87.96797645,1914,1383.8000000000006
Gangetic West Bengal,24.58628043,87.96797645,1915,1310.3
Gangetic West Bengal,24.58628043,87.96797645,1916,1600.5
Gangetic West Bengal,24.58628043,87.96797645,1917,1775.7
Gangetic West Bengal,24.58628043,87.96797645,1918,1395.3
Gangetic West Bengal,24.58628043,87.96797645,1919,1482.3
Gangetic West Bengal,24.58628043,87.96797645,1920,1363.4999999999998
Gangetic West Bengal,24.58628043,87.96797645,1921,1300.2
Gangetic West Bengal,24.58628043,87.96797645,1922,1655.7
Gangetic West Bengal,24.58628043,87.96797645,1923,1285.2000000000005
Gangetic West Bengal,24.58628043,87.96797645,1924,1266.4999999999998
Gangetic West Bengal,24.58628043,87.96797645,1925,1273.7
Gangetic West Bengal,24.58628043,87.96797645,1926,1705.2
Gangetic West Bengal,24.58628043,87.96797645,1927,1190.6999999999996
Gangetic West Bengal,24.58628043,87.96797645,1928,1625.0
Gangetic West Bengal,24.58628043,87.96797645,1929,1557.4
Gangetic West Bengal,24.58628043,87.96797645,1930,1380.999999999999
Gangetic West Bengal,24.58628043,87.96797645,1931,1475.7
Gangetic West Bengal,24.58628043,87.96797645,1932,1306.8000000000004
Gangetic West Bengal,24.58628043,87.96797645,1933,1867.0999999999997
Gangetic West Bengal,24.58628043,87.96797645,1934,1117.6
Gangetic West Bengal,24.58628043,87.96797645,1935,1015.1
Gangetic West Bengal,24.58628043,87.96797645,1936,1505.7
Gangetic West Bengal,24.58628043,87.96797645,1937,1522.5000000000002
Gangetic West Bengal,24.58628043,87.96797645,1938,1337.8
Gangetic West Bengal,24.58628043,87.96797645,1939,1698.5
Gangetic West Bengal,24.58628043,87.96797645,1940,1358.6999999999996
Gangetic West Bengal,24.58628043,87.96797645,1941,1801.1
Gangetic West Bengal,24.58628043,87.96797645,1942,1615.6999999999994
Gangetic West Bengal,24.58628043,87.96797645,1943,1446.3
Gangetic West Bengal,24.58628043,87.96797645,1944,1406.3999999999994
Gangetic West Bengal,24.58628043,87.96797645,1945,1271.4999999999998
Gangetic West Bengal,24.58628043,87.96797645,1946,1714.1999999999994
Gangetic West Bengal,24.58628043,87.96797645,1947,1363.1
Gangetic West Bengal,24.58628043,87.96797645,1948,1532.0
Gangetic West Bengal,24.58628043,87.96797645,1949,1493.5
Gangetic West Bengal,24.58628043,87.96797645,1950,1615.8
Gangetic West Bengal,24.58628043,87.96797645,1951,1214.0
Gangetic West Bengal,24.58628043,87.96797645,1952,1395.6999999999994
Gangetic West Bengal,24.58628043,87.96797645,1953,1505.8
Gangetic West Bengal,24.58628043,87.96797645,1954,1080.0
Gangetic West Bengal,24.58628043,87.96797645,1955,1268.3000000000004
Gangetic West Bengal,24.58628043,87.96797645,1956,1714.2
Gangetic West Bengal,24.58628043,87.96797645,1957,1130.6
Gangetic West Bengal,24.58628043,87.96797645,1958,1151.1
Gangetic West Bengal,24.58628043,87.96797645,1959,1812.6
Gangetic West Bengal,24.58628043,87.96797645,1960,1245.4999999999998
Gangetic West Bengal,24.58628043,87.96797645,1961,1290.4999999999998
Gangetic West Bengal,24.58628043,87.96797645,1962,1173.4
Gangetic West Bengal,24.58628043,87.96797645,1963,1289.6
Gangetic West Bengal,24.58628043,87.96797645,1964,1278.4
Gangetic West Bengal,24.58628043,87.96797645,1965,1263.9
Gangetic West Bengal,24.58628043,87.96797645,1966,1118.7
Gangetic West Bengal,24.58628043,87.96797645,1967,1348.4
Gangetic West Bengal,24.58628043,87.96797645,1968,1597.8
Gangetic West Bengal,24.58628043,87.96797645,1969,1404.1000000000006
Gangetic West Bengal,24.58628043,87.96797645,1970,1648.4
Gangetic West Bengal,24.58628043,87.96797645,1971,2099.8
Gangetic West Bengal,24.58628043,87.96797645,1972,1333.2
Gangetic West Bengal,24.58628043,87.96797645,1973,1735.1
Gangetic West Bengal,24.58628043,87.96797645,1974,1470.6
Gangetic West Bengal,24.58628043,87.96797645,1975,1466.1999999999994
Gangetic West Bengal,24.58628043,87.96797645,1976,1240.6
Gangetic West Bengal,24.58628043,87.96797645,1977,1840.6
Gangetic West Bengal,24.58628043,87.96797645,1978,1872.7
Gangetic West Bengal,24.58628043,87.96797645,1979,1157.8000000000004
Gangetic West Bengal,24.58628043,87.96797645,1980,1520.8
Gangetic West Bengal,24.58628043,87.96797645,1981,1909.1
Gangetic West Bengal,24.58628043,87.96797645,1982,1111.0
Gangetic West Bengal,24.58628043,87.96797645,1983,1463.6
Gangetic West Bengal,24.58628043,87.96797645,1984,1831.7
Gangetic West Bengal,24.58628043,87.96797645,1985,1413.4999999999998
Gangetic West Bengal,24.58628043,87.96797645,1986,1790.8
Gangetic West Bengal,24.58628043,87.96797645,1987,1591.5
Gangetic West Bengal,24.58628043,87.96797645,1988,1681.5
Gangetic West Bengal,24.58628043,87.96797645,1989,1626.2
Gangetic West Bengal,24.58628043,87.96797645,1990,1961.3
Gangetic West Bengal,24.58628043,87.96797645,1991,1609.2999999999995
Gangetic West Bengal,24.58628043,87.96797645,1992,1414.6
Gangetic West Bengal,24.58628043,87.96797645,1993,1759.7000000000005
Gangetic West Bengal,24.58628043,87.96797645,1994,1530.8
Gangetic West Bengal,24.58628043,87.96797645,1995,1936.1
Gangetic West Bengal,24.58628043,87.96797645,1996,1504.1
Gangetic West Bengal,24.58628043,87.96797645,1997,1657.9
Gangetic West Bengal,24.58628043,87.96797645,1998,1632.8
Gangetic West Bengal,24.58628043,87.96797645,1999,1957.0
Gangetic West Bengal,24.58628043,87.96797645,2000,1571.9999999999998
Gangetic West Bengal,24.58628043,87.96797645,2001,1540.7
Gangetic West Bengal,24.58628043,87.96797645,2002,1613.4
Gangetic West Bengal,24.58628043,87.96797645,2003,1496.7
Gangetic West Bengal,24.58628043,87.96797645,2004,1569.4
Gangetic West Bengal,24.58628043,87.96797645,2005,1604.8000000000006
Gangetic West Bengal,24.58628043,87.96797645,2006,1660.4
Gangetic West Bengal,24.58628043,87.96797645,2007,1941.5
Gangetic West Bengal,24.58628043,87.96797645,2008,1555.4
Gangetic West Bengal,24.58628043,87.96797645,2009,1314.9
Gangetic West Bengal,24.58628043,87.96797645,2010,1064.9
Gangetic West Bengal,24.58628043,87.96797645,2011,1686.4
Gangetic West Bengal,24.58628043,87.96797645,2012,1268.0
Gangetic West Bengal,24.58628043,87.96797645,2013,1764.0000000000002
Gangetic West Bengal,24.58628043,87.96797645,2014,1261.2999999999995
Gangetic West Bengal,24.58628043,87.96797645,2015,1530.2
Gangetic West Bengal,24.58628043,87.96797645,2016,1427.0
Gangetic West Bengal,24.58628043,87.96797645,2017,1568.7000000000005
Orissa,20.54312,84.68973000000003,1901,1284.1999999999996
Orissa,20.54312,84.68973000000003,1902,1348.9
Orissa,20.54312,84.68973000000003,1903,1568.2
Orissa,20.54312,84.68973000000003,1904,1514.8
Orissa,20.54312,84.68973000000003,1905,1357.3000000000004
Orissa,20.54312,84.68973000000003,1906,1408.2000000000005
Orissa,20.54312,84.68973000000003,1907,1447.2
Orissa,20.54312,84.68973000000003,1908,1430.6
Orissa,20.54312,84.68973000000003,1909,1535.2999999999995
Orissa,20.54312,84.68973000000003,1910,1598.5000000000002
Orissa,20.54312,84.68973000000003,1911,1417.3000000000006
Orissa,20.54312,84.68973000000003,1912,1397.2000000000005
Orissa,20.54312,84.68973000000003,1913,1544.3000000000006
Orissa,20.54312,84.68973000000003,1914,1598.6
Orissa,20.54312,84.68973000000003,1915,1436.9
Orissa,20.54312,84.68973000000003,1916,1479.4999999999998
Orissa,20.54312,84.68973000000003,1917,1850.0
Orissa,20.54312,84.68973000000003,1918,1297.4999999999998
Orissa,20.54312,84.68973000000003,1919,1757.9
Orissa,20.54312,84.68973000000003,1920,1402.5
Orissa,20.54312,84.68973000000003,1921,1324.1
Orissa,20.54312,84.68973000000003,1922,1466.6
Orissa,20.54312,84.68973000000003,1923,1258.6
Orissa,20.54312,84.68973000000003,1924,1263.5
Orissa,20.54312,84.68973000000003,1925,1807.9
Orissa,20.54312,84.68973000000003,1926,1535.6999999999994
Orissa,20.54312,84.68973000000003,1927,1525.6
Orissa,20.54312,84.68973000000003,1928,1585.4999999999998
Orissa,20.54312,84.68973000000003,1929,1637.8000000000006
Orissa,20.54312,84.68973000000003,1930,1446.1
Orissa,20.54312,84.68973000000003,1931,1477.0000000000002
Orissa,20.54312,84.68973000000003,1932,1440.2
Orissa,20.54312,84.68973000000003,1933,1851.0
Orissa,20.54312,84.68973000000003,1934,1488.9
Orissa,20.54312,84.68973000000003,1935,1219.2999999999995
Orissa,20.54312,84.68973000000003,1936,1875.9000000000003
Orissa,20.54312,84.68973000000003,1937,1567.4
Orissa,20.54312,84.68973000000003,1938,1441.6
Orissa,20.54312,84.68973000000003,1939,1563.6
Orissa,20.54312,84.68973000000003,1940,1687.7
Orissa,20.54312,84.68973000000003,1941,1435.3
Orissa,20.54312,84.68973000000003,1942,1448.0000000000002
Orissa,20.54312,84.68973000000003,1943,1586.5
Orissa,20.54312,84.68973000000003,1944,1608.2
Orissa,20.54312,84.68973000000003,1945,1538.6
Orissa,20.54312,84.68973000000003,1946,1614.9
Orissa,20.54312,84.68973000000003,1947,1410.9
Orissa,20.54312,84.68973000000003,1948,1333.9
Orissa,20.54312,84.68973000000003,1949,1348.9
Orissa,20.54312,84.68973000000003,1950,1392.7999999999995
Orissa,20.54312,84.68973000000003,1951,1396.2999999999995
Orissa,20.54312,84.68973000000003,1952,1516.9
Orissa,20.54312,84.68973000000003,1953,1437.8000000000006
Orissa,20.54312,84.68973000000003,1954,1208.0
Orissa,20.54312,84.68973000000003,1955,1597.1
Orissa,20.54312,84.68973000000003,1956,1885.4
Orissa,20.54312,84.68973000000003,1957,1277.5
Orissa,20.54312,84.68973000000003,1958,1624.0
Orissa,20.54312,84.68973000000003,1959,1495.8
Orissa,20.54312,84.68973000000003,1960,1593.0
Orissa,20.54312,84.68973000000003,1961,1945.2000000000005
Orissa,20.54312,84.68973000000003,1962,1346.6
Orissa,20.54312,84.68973000000003,1963,1562.1000000000006
Orissa,20.54312,84.68973000000003,1964,1354.4999999999998
Orissa,20.54312,84.68973000000003,1965,1174.6
Orissa,20.54312,84.68973000000003,1966,1286.9000000000003
Orissa,20.54312,84.68973000000003,1967,1427.5
Orissa,20.54312,84.68973000000003,1968,1464.1
Orissa,20.54312,84.68973000000003,1969,1283.1
Orissa,20.54312,84.68973000000003,1970,1412.3000000000006
Orissa,20.54312,84.68973000000003,1971,1596.8
Orissa,20.54312,84.68973000000003,1972,1324.9999999999998
Orissa,20.54312,84.68973000000003,1973,1573.5
Orissa,20.54312,84.68973000000003,1974,987.0
Orissa,20.54312,84.68973000000003,1975,1391.9999999999998
Orissa,20.54312,84.68973000000003,1976,1179.0
Orissa,20.54312,84.68973000000003,1977,1477.9
Orissa,20.54312,84.68973000000003,1978,1438.8999999999994
Orissa,20.54312,84.68973000000003,1979,996.0
Orissa,20.54312,84.68973000000003,1980,1462.9
Orissa,20.54312,84.68973000000003,1981,1295.6
Orissa,20.54312,84.68973000000003,1982,1258.6
Orissa,20.54312,84.68973000000003,1983,1432.1
Orissa,20.54312,84.68973000000003,1984,1377.4
Orissa,20.54312,84.68973000000003,1985,1607.2999999999995
Orissa,20.54312,84.68973000000003,1986,1559.9
Orissa,20.54312,84.68973000000003,1987,1097.7
Orissa,20.54312,84.68973000000003,1988,1306.9
Orissa,20.54312,84.68973000000003,1989,1299.6999999999996
Orissa,20.54312,84.68973000000003,1990,1905.1
Orissa,20.54312,84.68973000000003,1991,1472.6
Orissa,20.54312,84.68973000000003,1992,1329.4
Orissa,20.54312,84.68973000000003,1993,1448.1
Orissa,20.54312,84.68973000000003,1994,1744.6999999999994
Orissa,20.54312,84.68973000000003,1995,1614.0000000000002
Orissa,20.54312,84.68973000000003,1996,1061.6
Orissa,20.54312,84.68973000000003,1997,1504.6
Orissa,20.54312,84.68973000000003,1998,1357.1999999999996
Orissa,20.54312,84.68973000000003,1999,1484.4
Orissa,20.54312,84.68973000000003,2000,1097.1999999999996
Orissa,20.54312,84.68973000000003,2001,1672.5
Orissa,20.54312,84.68973000000003,2002,1102.8
Orissa,20.54312,84.68973000000003,2003,1648.2
Orissa,20.54312,84.68973000000003,2004,1290.4
Orissa,20.54312,84.68973000000003,2005,1503.4
Orissa,20.54312,84.68973000000003,2006,1716.9
Orissa,20.54312,84.68973000000003,2007,1633.8000000000006
Orissa,20.54312,84.68973000000003,2008,1539.0
Orissa,20.54312,84.68973000000003,2009,1330.2999999999995
Orissa,20.54312,84.68973000000003,2010,1292.2
Orissa,20.54312,84.68973000000003,2011,1346.3
Orissa,20.54312,84.68973000000003,2012,1405.9
Orissa,20.54312,84.68973000000003,2013,1632.3
Orissa,20.54312,84.68973000000003,2014,1537.0
Orissa,20.54312,84.68973000000003,2015,1210.0
Orissa,20.54312,84.68973000000003,2016,1253.5
Orissa,20.54312,84.68973000000003,2017,1344.4
Jharkhand,23.45598,85.25573,1901,1274.5
Jharkhand,23.45598,85.25573,1902,1197.6
Jharkhand,23.45598,85.25573,1903,1174.3
Jharkhand,23.45598,85.25573,1904,1480.8
Jharkhand,23.45598,85.25573,1905,1354.7
Jharkhand,23.45598,85.25573,1906,1314.3
Jharkhand,23.45598,85.25573,1907,1455.6
Jharkhand,23.45598,85.25573,1908,1214.1999999999996
Jharkhand,23.45598,85.25573,1909,1447.9
Jharkhand,23.45598,85.25573,1910,1297.4
Jharkhand,23.45598,85.25573,1911,1475.4
Jharkhand,23.45598,85.25573,1912,1142.8
Jharkhand,23.45598,85.25573,1913,1585.7999999999995
Jharkhand,23.45598,85.25573,1914,1215.4
Jharkhand,23.45598,85.25573,1915,1102.2
Jharkhand,23.45598,85.25573,1916,1364.3
Jharkhand,23.45598,85.25573,1917,1724.3
Jharkhand,23.45598,85.25573,1918,1162.7
Jharkhand,23.45598,85.25573,1919,1633.4000000000003
Jharkhand,23.45598,85.25573,1920,1415.0
Jharkhand,23.45598,85.25573,1921,1233.6999999999996
Jharkhand,23.45598,85.25573,1922,1443.2
Jharkhand,23.45598,85.25573,1923,1431.8
Jharkhand,23.45598,85.25573,1924,1431.9
Jharkhand,23.45598,85.25573,1925,1327.6
Jharkhand,23.45598,85.25573,1926,1478.4
Jharkhand,23.45598,85.25573,1927,1283.1
Jharkhand,23.45598,85.25573,1928,1384.0
Jharkhand,23.45598,85.25573,1929,1611.5
Jharkhand,23.45598,85.25573,1930,1433.9999999999998
Jharkhand,23.45598,85.25573,1931,1350.5000000000002
Jharkhand,23.45598,85.25573,1932,1193.7
Jharkhand,23.45598,85.25573,1933,1535.6999999999994
Jharkhand,23.45598,85.25573,1934,1197.4
Jharkhand,23.45598,85.25573,1935,1151.6
Jharkhand,23.45598,85.25573,1936,1664.4
Jharkhand,23.45598,85.25573,1937,1450.4
Jharkhand,23.45598,85.25573,1938,1229.7
Jharkhand,23.45598,85.25573,1939,1519.8
Jharkhand,23.45598,85.25573,1940,1231.9
Jharkhand,23.45598,85.25573,1941,1513.5999999999997
Jharkhand,23.45598,85.25573,1942,1589.0
Jharkhand,23.45598,85.25573,1943,1556.1
Jharkhand,23.45598,85.25573,1944,1386.5
Jharkhand,23.45598,85.25573,1945,1308.7
Jharkhand,23.45598,85.25573,1946,1553.1999999999994
Jharkhand,23.45598,85.25573,1947,1234.6
Jharkhand,23.45598,85.25573,1948,1402.7000000000005
Jharkhand,23.45598,85.25573,1949,1436.7
Jharkhand,23.45598,85.25573,1950,1392.9
Jharkhand,23.45598,85.25573,1951,1071.6
Jharkhand,23.45598,85.25573,1952,1387.3000000000006
Jharkhand,23.45598,85.25573,1953,1509.4
Jharkhand,23.45598,85.25573,1954,1059.4999999999998
Jharkhand,23.45598,85.25573,1955,1080.8
Jharkhand,23.45598,85.25573,1956,1555.7
Jharkhand,23.45598,85.25573,1957,1377.4
Jharkhand,23.45598,85.25573,1958,1180.5
Jharkhand,23.45598,85.25573,1959,1599.9
Jharkhand,23.45598,85.25573,1960,1248.8
Jharkhand,23.45598,85.25573,1961,1560.6
Jharkhand,23.45598,85.25573,1962,1047.7
Jharkhand,23.45598,85.25573,1963,1314.9
Jharkhand,23.45598,85.25573,1964,1150.4
Jharkhand,23.45598,85.25573,1965,1012.4
Jharkhand,23.45598,85.25573,1966,879.6999999999997
Jharkhand,23.45598,85.25573,1967,1225.2999999999995
Jharkhand,23.45598,85.25573,1968,1293.2
Jharkhand,23.45598,85.25573,1969,1158.1
Jharkhand,23.45598,85.25573,1970,1291.4
Jharkhand,23.45598,85.25573,1971,1898.7
Jharkhand,23.45598,85.25573,1972,996.2
Jharkhand,23.45598,85.25573,1973,1441.1999999999994
Jharkhand,23.45598,85.25573,1974,1126.9999999999998
Jharkhand,23.45598,85.25573,1975,1361.5
Jharkhand,23.45598,85.25573,1976,1191.7
Jharkhand,23.45598,85.25573,1977,1521.5
Jharkhand,23.45598,85.25573,1978,1556.3
Jharkhand,23.45598,85.25573,1979,882.8000000000003
Jharkhand,23.45598,85.25573,1980,1340.4
Jharkhand,23.45598,85.25573,1981,1167.1999999999996
Jharkhand,23.45598,85.25573,1982,1085.3
Jharkhand,23.45598,85.25573,1983,1261.8000000000004
Jharkhand,23.45598,85.25573,1984,1529.7999999999995
Jharkhand,23.45598,85.25573,1985,1240.3000000000004
Jharkhand,23.45598,85.25573,1986,1335.5
Jharkhand,23.45598,85.25573,1987,1332.7000000000005
Jharkhand,23.45598,85.25573,1988,1153.6
Jharkhand,23.45598,85.25573,1989,1148.9
Jharkhand,23.45598,85.25573,1990,1404.4999999999998
Jharkhand,23.45598,85.25573,1991,1251.0000000000002
Jharkhand,23.45598,85.25573,1992,933.2
Jharkhand,23.45598,85.25573,1993,1203.9999999999998
Jharkhand,23.45598,85.25573,1994,1579.4
Jharkhand,23.45598,85.25573,1995,1366.6
Jharkhand,23.45598,85.25573,1996,1191.6
Jharkhand,23.45598,85.25573,1997,1461.3
Jharkhand,23.45598,85.25573,1998,1353.7
Jharkhand,23.45598,85.25573,1999,1586.9
Jharkhand,23.45598,85.25573,2000,1191.5000000000002
Jharkhand,23.45598,85.25573,2001,1254.5
Jharkhand,23.45598,85.25573,2002,1034.9
Jharkhand,23.45598,85.25573,2003,1244.9000000000003
Jharkhand,23.45598,85.25573,2004,1136.7999999999995
Jharkhand,23.45598,85.25573,2005,960.5
Jharkhand,23.45598,85.25573,2006,1459.3000000000006
Jharkhand,23.45598,85.25573,2007,1437.3
Jharkhand,23.45598,85.25573,2008,1325.4
Jharkhand,23.45598,85.25573,2009,996.3
Jharkhand,23.45598,85.25573,2010,697.1
Jharkhand,23.45598,85.25573,2011,1374.6
Jharkhand,23.45598,85.25573,2012,1064.9
Jharkhand,23.45598,85.25573,2013,1253.5
Jharkhand,23.45598,85.25573,2014,1156.6
Jharkhand,23.45598,85.25573,2015,1081.8000000000004
Jharkhand,23.45598,85.25573,2016,1264.1
Jharkhand,23.45598,85.25573,2017,1165.7
Bihar,25.64408,85.90651,1901,952.4
Bihar,25.64408,85.90651,1902,1206.1999999999996
Bihar,25.64408,85.90651,1903,1016.4
Bihar,25.64408,85.90651,1904,1269.6999999999996
Bihar,25.64408,85.90651,1905,1498.6
Bihar,25.64408,85.90651,1906,1265.1
Bihar,25.64408,85.90651,1907,1126.4
Bihar,25.64408,85.90651,1908,737.5
Bihar,25.64408,85.90651,1909,1390.6
Bihar,25.64408,85.90651,1910,1398.4
Bihar,25.64408,85.90651,1911,1449.0
Bihar,25.64408,85.90651,1912,1129.4
Bihar,25.64408,85.90651,1913,1529.9
Bihar,25.64408,85.90651,1914,1059.9
Bihar,25.64408,85.90651,1915,1349.4999999999998
Bihar,25.64408,85.90651,1916,1504.6
Bihar,25.64408,85.90651,1917,1334.0000000000002
Bihar,25.64408,85.90651,1918,1411.6
Bihar,25.64408,85.90651,1919,1252.6
Bihar,25.64408,85.90651,1920,1123.8
Bihar,25.64408,85.90651,1921,1272.4
Bihar,25.64408,85.90651,1922,1449.2
Bihar,25.64408,85.90651,1923,982.7
Bihar,25.64408,85.90651,1924,1456.2
Bihar,25.64408,85.90651,1925,1191.5
Bihar,25.64408,85.90651,1926,1121.6999999999996
Bihar,25.64408,85.90651,1927,1100.3
Bihar,25.64408,85.90651,1928,1249.6
Bihar,25.64408,85.90651,1929,1359.2000000000005
Bihar,25.64408,85.90651,1930,1114.3000000000004
Bihar,25.64408,85.90651,1931,1146.4
Bihar,25.64408,85.90651,1932,927.0
Bihar,25.64408,85.90651,1933,1392.5999999999997
Bihar,25.64408,85.90651,1934,1226.3
Bihar,25.64408,85.90651,1935,1240.2999999999995
Bihar,25.64408,85.90651,1936,1572.5
Bihar,25.64408,85.90651,1937,1306.3999999999996
Bihar,25.64408,85.90651,1938,1506.7
Bihar,25.64408,85.90651,1939,1243.2000000000005
Bihar,25.64408,85.90651,1940,1088.2
Bihar,25.64408,85.90651,1941,1222.9999999999998
Bihar,25.64408,85.90651,1942,1252.6
Bihar,25.64408,85.90651,1943,1169.8
Bihar,25.64408,85.90651,1944,1228.9
Bihar,25.64408,85.90651,1945,1242.8000000000004
Bihar,25.64408,85.90651,1946,1393.8
Bihar,25.64408,85.90651,1947,1092.1999999999996
Bihar,25.64408,85.90651,1948,1299.3000000000004
Bihar,25.64408,85.90651,1949,1444.4
Bihar,25.64408,85.90651,1950,1124.6
Bihar,25.64408,85.90651,1951,850.2
Bihar,25.64408,85.90651,1952,1206.9000000000003
Bihar,25.64408,85.90651,1953,1378.8000000000006
Bihar,25.64408,85.90651,1954,1050.6
Bihar,25.64408,85.90651,1955,1244.3
Bihar,25.64408,85.90651,1956,1493.2999999999995
Bihar,25.64408,85.90651,1957,966.8
Bihar,25.64408,85.90651,1958,1167.5
Bihar,25.64408,85.90651,1959,1179.7
Bihar,25.64408,85.90651,1960,1247.8000000000004
Bihar,25.64408,85.90651,1961,1257.9999999999998
Bihar,25.64408,85.90651,1962,1178.0
Bihar,25.64408,85.90651,1963,1326.2
Bihar,25.64408,85.90651,1964,1122.3
Bihar,25.64408,85.90651,1965,1002.8
Bihar,25.64408,85.90651,1966,767.0000000000001
Bihar,25.64408,85.90651,1967,999.8
Bihar,25.64408,85.90651,1968,1140.0000000000002
Bihar,25.64408,85.90651,1969,1288.4999999999995
Bihar,25.64408,85.90651,1970,1074.6
Bihar,25.64408,85.90651,1971,1432.5
Bihar,25.64408,85.90651,1972,717.9000000000003
Bihar,25.64408,85.90651,1973,1189.1
Bihar,25.64408,85.90651,1974,1235.2
Bihar,25.64408,85.90651,1975,1069.1
Bihar,25.64408,85.90651,1976,1161.7
Bihar,25.64408,85.90651,1977,1147.6999999999996
Bihar,25.64408,85.90651,1978,1290.8
Bihar,25.64408,85.90651,1979,1001.8
Bihar,25.64408,85.90651,1980,1252.0
Bihar,25.64408,85.90651,1981,1364.6
Bihar,25.64408,85.90651,1982,933.6
Bihar,25.64408,85.90651,1983,1104.3
Bihar,25.64408,85.90651,1984,1426.2
Bihar,25.64408,85.90651,1985,1455.0
Bihar,25.64408,85.90651,1986,1322.1
Bihar,25.64408,85.90651,1987,1660.5
Bihar,25.64408,85.90651,1988,1337.5
Bihar,25.64408,85.90651,1989,1269.9
Bihar,25.64408,85.90651,1990,1239.2
Bihar,25.64408,85.90651,1991,1045.8
Bihar,25.64408,85.90651,1992,797.5
Bihar,25.64408,85.90651,1993,1208.4
Bihar,25.64408,85.90651,1994,969.3
Bihar,25.64408,85.90651,1995,1112.0000000000002
Bihar,25.64408,85.90651,1996,1107.3
Bihar,25.64408,85.90651,1997,1303.6999999999996
Bihar,25.64408,85.90651,1998,1332.6
Bihar,25.64408,85.90651,1999,1402.6999999999994
Bihar,25.64408,85.90651,2000,1206.9999999999998
Bihar,25.64408,85.90651,2001,1247.1
Bihar,25.64408,85.90651,2002,1105.8000000000004
Bihar,25.64408,85.90651,2003,1353.8000000000004
Bihar,25.64408,85.90651,2004,1147.6
Bihar,25.64408,85.90651,2005,907.8
Bihar,25.64408,85.90651,2006,1052.7999999999995
Bihar,25.64408,85.90651,2007,1600.1
Bihar,25.64408,85.90651,2008,1197.6
Bihar,25.64408,85.90651,2009,889.5
Bihar,25.64408,85.90651,2010,629.2
Bihar,25.64408,85.90651,2011,1097.3
Bihar,25.64408,85.90651,2012,1032.4
Bihar,25.64408,85.90651,2013,1069.8
Bihar,25.64408,85.90651,2014,1061.0
Bihar,25.64408,85.90651,2015,872.7
Bihar,25.64408,85.90651,2016,1157.9999999999998
Bihar,25.64408,85.90651,2017,1111.9999999999998
East Uttar Pradesh,26.61872396,82.86899052,1901,873.2
East Uttar Pradesh,26.61872396,82.86899052,1902,905.2
East Uttar Pradesh,26.61872396,82.86899052,1903,1216.4
East Uttar Pradesh,26.61872396,82.86899052,1904,1071.2999999999995
East Uttar Pradesh,26.61872396,82.86899052,1905,891.4999999999999
East Uttar Pradesh,26.61872396,82.86899052,1906,997.5
East Uttar Pradesh,26.61872396,82.86899052,1907,666.4
East Uttar Pradesh,26.61872396,82.86899052,1908,744.6999999999997
East Uttar Pradesh,26.61872396,82.86899052,1909,1106.6
East Uttar Pradesh,26.61872396,82.86899052,1910,1116.3
East Uttar Pradesh,26.61872396,82.86899052,1911,1113.9
East Uttar Pradesh,26.61872396,82.86899052,1912,879.5000000000001
East Uttar Pradesh,26.61872396,82.86899052,1913,861.6
East Uttar Pradesh,26.61872396,82.86899052,1914,988.8000000000004
East Uttar Pradesh,26.61872396,82.86899052,1915,1409.8000000000006
East Uttar Pradesh,26.61872396,82.86899052,1916,1201.8
East Uttar Pradesh,26.61872396,82.86899052,1917,1216.5
East Uttar Pradesh,26.61872396,82.86899052,1918,650.7
East Uttar Pradesh,26.61872396,82.86899052,1919,1023.5
East Uttar Pradesh,26.61872396,82.86899052,1920,860.2
East Uttar Pradesh,26.61872396,82.86899052,1921,1114.8
East Uttar Pradesh,26.61872396,82.86899052,1922,1364.0
East Uttar Pradesh,26.61872396,82.86899052,1923,1076.0000000000002
East Uttar Pradesh,26.61872396,82.86899052,1924,1119.9999999999998
East Uttar Pradesh,26.61872396,82.86899052,1925,1114.2
East Uttar Pradesh,26.61872396,82.86899052,1926,989.4
East Uttar Pradesh,26.61872396,82.86899052,1927,1031.1
East Uttar Pradesh,26.61872396,82.86899052,1928,804.8000000000003
East Uttar Pradesh,26.61872396,82.86899052,1929,1014.9
East Uttar Pradesh,26.61872396,82.86899052,1930,1069.4
East Uttar Pradesh,26.61872396,82.86899052,1931,1047.1
East Uttar Pradesh,26.61872396,82.86899052,1932,738.4999999999999
East Uttar Pradesh,26.61872396,82.86899052,1933,977.6
East Uttar Pradesh,26.61872396,82.86899052,1934,1068.3000000000004
East Uttar Pradesh,26.61872396,82.86899052,1935,919.8
East Uttar Pradesh,26.61872396,82.86899052,1936,1545.4
East Uttar Pradesh,26.61872396,82.86899052,1937,1035.3
East Uttar Pradesh,26.61872396,82.86899052,1938,1374.1
East Uttar Pradesh,26.61872396,82.86899052,1939,945.0
East Uttar Pradesh,26.61872396,82.86899052,1940,866.9999999999999
East Uttar Pradesh,26.61872396,82.86899052,1941,798.1000000000001
East Uttar Pradesh,26.61872396,82.86899052,1942,1028.7
East Uttar Pradesh,26.61872396,82.86899052,1943,1101.0
East Uttar Pradesh,26.61872396,82.86899052,1944,1061.4
East Uttar Pradesh,26.61872396,82.86899052,1945,980.5
East Uttar Pradesh,26.61872396,82.86899052,1946,1038.9
East Uttar Pradesh,26.61872396,82.86899052,1947,1006.3
East Uttar Pradesh,26.61872396,82.86899052,1948,1323.1
East Uttar Pradesh,26.61872396,82.86899052,1949,1131.1
East Uttar Pradesh,26.61872396,82.86899052,1950,951.4
East Uttar Pradesh,26.61872396,82.86899052,1951,752.6
East Uttar Pradesh,26.61872396,82.86899052,1952,936.0
East Uttar Pradesh,26.61872396,82.86899052,1953,1266.8
East Uttar Pradesh,26.61872396,82.86899052,1954,969.7
East Uttar Pradesh,26.61872396,82.86899052,1955,1424.2999999999995
East Uttar Pradesh,26.61872396,82.86899052,1956,1254.1
East Uttar Pradesh,26.61872396,82.86899052,1957,955.7
East Uttar Pradesh,26.61872396,82.86899052,1958,1016.9
East Uttar Pradesh,26.61872396,82.86899052,1959,869.1999999999997
East Uttar Pradesh,26.61872396,82.86899052,1960,1170.0
East Uttar Pradesh,26.61872396,82.86899052,1961,1214.1
East Uttar Pradesh,26.61872396,82.86899052,1962,1072.0000000000002
East Uttar Pradesh,26.61872396,82.86899052,1963,996.5
East Uttar Pradesh,26.61872396,82.86899052,1964,1036.8
East Uttar Pradesh,26.61872396,82.86899052,1965,685.5000000000001
East Uttar Pradesh,26.61872396,82.86899052,1966,707.7
East Uttar Pradesh,26.61872396,82.86899052,1967,1029.3000000000004
East Uttar Pradesh,26.61872396,82.86899052,1968,839.9
East Uttar Pradesh,26.61872396,82.86899052,1969,1024.7
East Uttar Pradesh,26.61872396,82.86899052,1970,1132.3
East Uttar Pradesh,26.61872396,82.86899052,1971,1311.1
East Uttar Pradesh,26.61872396,82.86899052,1972,666.8
East Uttar Pradesh,26.61872396,82.86899052,1973,955.6
East Uttar Pradesh,26.61872396,82.86899052,1974,882.1000000000001
East Uttar Pradesh,26.61872396,82.86899052,1975,1225.5
East Uttar Pradesh,26.61872396,82.86899052,1976,923.6
East Uttar Pradesh,26.61872396,82.86899052,1977,914.1
East Uttar Pradesh,26.61872396,82.86899052,1978,1116.5
East Uttar Pradesh,26.61872396,82.86899052,1979,696.5000000000001
East Uttar Pradesh,26.61872396,82.86899052,1980,1488.6
East Uttar Pradesh,26.61872396,82.86899052,1981,1110.3000000000004
East Uttar Pradesh,26.61872396,82.86899052,1982,1110.6
East Uttar Pradesh,26.61872396,82.86899052,1983,1205.0
East Uttar Pradesh,26.61872396,82.86899052,1984,1076.6
East Uttar Pradesh,26.61872396,82.86899052,1985,1175.9
East Uttar Pradesh,26.61872396,82.86899052,1986,935.6
East Uttar Pradesh,26.61872396,82.86899052,1987,824.6
East Uttar Pradesh,26.61872396,82.86899052,1988,1085.1
East Uttar Pradesh,26.61872396,82.86899052,1989,969.9
East Uttar Pradesh,26.61872396,82.86899052,1990,1106.2000000000005
East Uttar Pradesh,26.61872396,82.86899052,1991,875.3000000000003
East Uttar Pradesh,26.61872396,82.86899052,1992,863.3999999999999
East Uttar Pradesh,26.61872396,82.86899052,1993,833.8
East Uttar Pradesh,26.61872396,82.86899052,1994,910.3
East Uttar Pradesh,26.61872396,82.86899052,1995,860.2
East Uttar Pradesh,26.61872396,82.86899052,1996,1010.4
East Uttar Pradesh,26.61872396,82.86899052,1997,493.50000000000006
East Uttar Pradesh,26.61872396,82.86899052,1998,661.0
East Uttar Pradesh,26.61872396,82.86899052,1999,952.7
East Uttar Pradesh,26.61872396,82.86899052,2000,946.9
East Uttar Pradesh,26.61872396,82.86899052,2001,973.8
East Uttar Pradesh,26.61872396,82.86899052,2002,689.2
East Uttar Pradesh,26.61872396,82.86899052,2003,1096.2999999999995
East Uttar Pradesh,26.61872396,82.86899052,2004,746.9000000000003
East Uttar Pradesh,26.61872396,82.86899052,2005,770.1
East Uttar Pradesh,26.61872396,82.86899052,2006,632.1
East Uttar Pradesh,26.61872396,82.86899052,2007,741.3000000000003
East Uttar Pradesh,26.61872396,82.86899052,2008,953.3
East Uttar Pradesh,26.61872396,82.86899052,2009,610.0
East Uttar Pradesh,26.61872396,82.86899052,2010,692.1
East Uttar Pradesh,26.61872396,82.86899052,2011,781.2
East Uttar Pradesh,26.61872396,82.86899052,2012,602.7
East Uttar Pradesh,26.61872396,82.86899052,2013,1041.2
East Uttar Pradesh,26.61872396,82.86899052,2014,701.2
East Uttar Pradesh,26.61872396,82.86899052,2015,603.3
East Uttar Pradesh,26.61872396,82.86899052,2016,871.6
East Uttar Pradesh,26.61872396,82.86899052,2017,694.9
West Uttar Pradesh,27.71343038,78.29867825,1901,776.0
West Uttar Pradesh,27.71343038,78.29867825,1902,736.6
West Uttar Pradesh,27.71343038,78.29867825,1903,808.5000000000001
West Uttar Pradesh,27.71343038,78.29867825,1904,945.3000000000004
West Uttar Pradesh,27.71343038,78.29867825,1905,433.4
West Uttar Pradesh,27.71343038,78.29867825,1906,978.6
West Uttar Pradesh,27.71343038,78.29867825,1907,589.7
West Uttar Pradesh,27.71343038,78.29867825,1908,866.1
West Uttar Pradesh,27.71343038,78.29867825,1909,903.0
West Uttar Pradesh,27.71343038,78.29867825,1910,875.7
West Uttar Pradesh,27.71343038,78.29867825,1911,751.7
West Uttar Pradesh,27.71343038,78.29867825,1912,804.3
West Uttar Pradesh,27.71343038,78.29867825,1913,495.19999999999993
West Uttar Pradesh,27.71343038,78.29867825,1914,887.5
West Uttar Pradesh,27.71343038,78.29867825,1915,802.4999999999999
West Uttar Pradesh,27.71343038,78.29867825,1916,1114.2000000000005
West Uttar Pradesh,27.71343038,78.29867825,1917,1120.1999999999996
West Uttar Pradesh,27.71343038,78.29867825,1918,371.9
West Uttar Pradesh,27.71343038,78.29867825,1919,968.9
West Uttar Pradesh,27.71343038,78.29867825,1920,622.8
West Uttar Pradesh,27.71343038,78.29867825,1921,992.2
West Uttar Pradesh,27.71343038,78.29867825,1922,1000.7999999999996
West Uttar Pradesh,27.71343038,78.29867825,1923,902.2
West Uttar Pradesh,27.71343038,78.29867825,1924,1064.1
West Uttar Pradesh,27.71343038,78.29867825,1925,943.9
West Uttar Pradesh,27.71343038,78.29867825,1926,917.1
West Uttar Pradesh,27.71343038,78.29867825,1927,934.2
West Uttar Pradesh,27.71343038,78.29867825,1928,644.6000000000001
West Uttar Pradesh,27.71343038,78.29867825,1929,650.4
West Uttar Pradesh,27.71343038,78.29867825,1930,788.4000000000003
West Uttar Pradesh,27.71343038,78.29867825,1931,930.8000000000004
West Uttar Pradesh,27.71343038,78.29867825,1932,705.9
West Uttar Pradesh,27.71343038,78.29867825,1933,1035.5000000000002
West Uttar Pradesh,27.71343038,78.29867825,1934,897.7
West Uttar Pradesh,27.71343038,78.29867825,1935,784.6999999999997
West Uttar Pradesh,27.71343038,78.29867825,1936,1218.6
West Uttar Pradesh,27.71343038,78.29867825,1937,676.9000000000002
West Uttar Pradesh,27.71343038,78.29867825,1938,730.4
West Uttar Pradesh,27.71343038,78.29867825,1939,721.1
West Uttar Pradesh,27.71343038,78.29867825,1940,783.9
West Uttar Pradesh,27.71343038,78.29867825,1941,516.3
West Uttar Pradesh,27.71343038,78.29867825,1942,1088.2
West Uttar Pradesh,27.71343038,78.29867825,1943,850.4
West Uttar Pradesh,27.71343038,78.29867825,1944,770.4000000000003
West Uttar Pradesh,27.71343038,78.29867825,1945,966.0
West Uttar Pradesh,27.71343038,78.29867825,1946,896.8000000000003
West Uttar Pradesh,27.71343038,78.29867825,1947,809.0000000000001
West Uttar Pradesh,27.71343038,78.29867825,1948,1028.1
West Uttar Pradesh,27.71343038,78.29867825,1949,906.6
West Uttar Pradesh,27.71343038,78.29867825,1950,834.1
West Uttar Pradesh,27.71343038,78.29867825,1951,728.8000000000003
West Uttar Pradesh,27.71343038,78.29867825,1952,875.3000000000003
West Uttar Pradesh,27.71343038,78.29867825,1953,761.6000000000001
West Uttar Pradesh,27.71343038,78.29867825,1954,879.1999999999997
West Uttar Pradesh,27.71343038,78.29867825,1955,1060.9
West Uttar Pradesh,27.71343038,78.29867825,1956,1064.4999999999998
West Uttar Pradesh,27.71343038,78.29867825,1957,1005.2
West Uttar Pradesh,27.71343038,78.29867825,1958,1165.4000000000003
West Uttar Pradesh,27.71343038,78.29867825,1959,768.3
West Uttar Pradesh,27.71343038,78.29867825,1960,1129.6
West Uttar Pradesh,27.71343038,78.29867825,1961,1198.1
West Uttar Pradesh,27.71343038,78.29867825,1962,798.2
West Uttar Pradesh,27.71343038,78.29867825,1963,929.7
West Uttar Pradesh,27.71343038,78.29867825,1964,1002.0
West Uttar Pradesh,27.71343038,78.29867825,1965,673.6
West Uttar Pradesh,27.71343038,78.29867825,1966,756.0999999999997
West Uttar Pradesh,27.71343038,78.29867825,1967,1157.0999999999997
West Uttar Pradesh,27.71343038,78.29867825,1968,693.1
West Uttar Pradesh,27.71343038,78.29867825,1969,878.0999999999997
West Uttar Pradesh,27.71343038,78.29867825,1970,863.9
West Uttar Pradesh,27.71343038,78.29867825,1971,1002.9
West Uttar Pradesh,27.71343038,78.29867825,1972,585.1
West Uttar Pradesh,27.71343038,78.29867825,1973,806.0000000000001
West Uttar Pradesh,27.71343038,78.29867825,1974,668.9000000000002
West Uttar Pradesh,27.71343038,78.29867825,1975,989.4
West Uttar Pradesh,27.71343038,78.29867825,1976,653.0000000000001
West Uttar Pradesh,27.71343038,78.29867825,1977,994.4
West Uttar Pradesh,27.71343038,78.29867825,1978,1244.0000000000002
West Uttar Pradesh,27.71343038,78.29867825,1979,558.0
West Uttar Pradesh,27.71343038,78.29867825,1980,984.6
West Uttar Pradesh,27.71343038,78.29867825,1981,739.5000000000001
West Uttar Pradesh,27.71343038,78.29867825,1982,969.0
West Uttar Pradesh,27.71343038,78.29867825,1983,1191.7
West Uttar Pradesh,27.71343038,78.29867825,1984,781.2
West Uttar Pradesh,27.71343038,78.29867825,1985,957.2
West Uttar Pradesh,27.71343038,78.29867825,1986,715.3000000000003
West Uttar Pradesh,27.71343038,78.29867825,1987,466.9
West Uttar Pradesh,27.71343038,78.29867825,1988,1035.5
West Uttar Pradesh,27.71343038,78.29867825,1989,657.4
West Uttar Pradesh,27.71343038,78.29867825,1990,958.2
West Uttar Pradesh,27.71343038,78.29867825,1991,748.8000000000003
West Uttar Pradesh,27.71343038,78.29867825,1992,820.6999999999997
West Uttar Pradesh,27.71343038,78.29867825,1993,772.1000000000001
West Uttar Pradesh,27.71343038,78.29867825,1994,807.0000000000001
West Uttar Pradesh,27.71343038,78.29867825,1995,826.9
West Uttar Pradesh,27.71343038,78.29867825,1996,941.1
West Uttar Pradesh,27.71343038,78.29867825,1997,445.2
West Uttar Pradesh,27.71343038,78.29867825,1998,867.3000000000003
West Uttar Pradesh,27.71343038,78.29867825,1999,786.4000000000003
West Uttar Pradesh,27.71343038,78.29867825,2000,771.3
West Uttar Pradesh,27.71343038,78.29867825,2001,661.7
West Uttar Pradesh,27.71343038,78.29867825,2002,625.2
West Uttar Pradesh,27.71343038,78.29867825,2003,1047.4
West Uttar Pradesh,27.71343038,78.29867825,2004,642.4000000000002
West Uttar Pradesh,27.71343038,78.29867825,2005,725.6
West Uttar Pradesh,27.71343038,78.29867825,2006,529.2
West Uttar Pradesh,27.71343038,78.29867825,2007,572.4999999999999
West Uttar Pradesh,27.71343038,78.29867825,2008,799.6
West Uttar Pradesh,27.71343038,78.29867825,2009,549.1999999999998
West Uttar Pradesh,27.71343038,78.29867825,2010,820.6
West Uttar Pradesh,27.71343038,78.29867825,2011,777.3000000000003
West Uttar Pradesh,27.71343038,78.29867825,2012,389.6
West Uttar Pradesh,27.71343038,78.29867825,2013,932.7000000000004
West Uttar Pradesh,27.71343038,78.29867825,2014,486.8
West Uttar Pradesh,27.71343038,78.29867825,2015,582.8
West Uttar Pradesh,27.71343038,78.29867825,2016,693.0000000000001
West Uttar Pradesh,27.71343038,78.29867825,2017,585.3000000000002
Uttarakhand,30.04174,79.08969,1901,1562.4
Uttarakhand,30.04174,79.08969,1902,1324.1
Uttarakhand,30.04174,79.08969,1903,1306.6999999999996
Uttarakhand,30.04174,79.08969,1904,1492.0999999999997
Uttarakhand,30.04174,79.08969,1905,1302.2
Uttarakhand,30.04174,79.08969,1906,1538.0
Uttarakhand,30.04174,79.08969,1907,1194.3
Uttarakhand,30.04174,79.08969,1908,1256.1
Uttarakhand,30.04174,79.08969,1909,1717.8000000000006
Uttarakhand,30.04174,79.08969,1910,1963.9
Uttarakhand,30.04174,79.08969,1911,1542.9
Uttarakhand,30.04174,79.08969,1912,1394.3
Uttarakhand,30.04174,79.08969,1913,1137.6
Uttarakhand,30.04174,79.08969,1914,1940.9
Uttarakhand,30.04174,79.08969,1915,1601.2
Uttarakhand,30.04174,79.08969,1916,1678.7
Uttarakhand,30.04174,79.08969,1917,2103.0000000000005
Uttarakhand,30.04174,79.08969,1918,1215.4
Uttarakhand,30.04174,79.08969,1919,1583.2999999999995
Uttarakhand,30.04174,79.08969,1920,1328.5
Uttarakhand,30.04174,79.08969,1921,1848.8
Uttarakhand,30.04174,79.08969,1922,1860.1
Uttarakhand,30.04174,79.08969,1923,1582.9
Uttarakhand,30.04174,79.08969,1924,1927.1
Uttarakhand,30.04174,79.08969,1925,1535.0
Uttarakhand,30.04174,79.08969,1926,1381.3
Uttarakhand,30.04174,79.08969,1927,1649.8
Uttarakhand,30.04174,79.08969,1928,1241.8000000000004
Uttarakhand,30.04174,79.08969,1929,1212.1
Uttarakhand,30.04174,79.08969,1930,1271.1999999999996
Uttarakhand,30.04174,79.08969,1931,1334.2
Uttarakhand,30.04174,79.08969,1932,1369.7
Uttarakhand,30.04174,79.08969,1933,1595.8000000000006
Uttarakhand,30.04174,79.08969,1934,1339.1
Uttarakhand,30.04174,79.08969,1935,1137.1
Uttarakhand,30.04174,79.08969,1936,1912.3
Uttarakhand,30.04174,79.08969,1937,1533.5
Uttarakhand,30.04174,79.08969,1938,1529.1999999999994
Uttarakhand,30.04174,79.08969,1939,1142.7
Uttarakhand,30.04174,79.08969,1940,1223.8
Uttarakhand,30.04174,79.08969,1941,1061.6
Uttarakhand,30.04174,79.08969,1942,1711.4999999999998
Uttarakhand,30.04174,79.08969,1943,1366.5
Uttarakhand,30.04174,79.08969,1944,1198.8
Uttarakhand,30.04174,79.08969,1945,1647.9
Uttarakhand,30.04174,79.08969,1946,1526.7
Uttarakhand,30.04174,79.08969,1947,1360.0
Uttarakhand,30.04174,79.08969,1948,1535.5
Uttarakhand,30.04174,79.08969,1949,1412.2
Uttarakhand,30.04174,79.08969,1950,1584.1
Uttarakhand,30.04174,79.08969,1951,1174.4999999999998
Uttarakhand,30.04174,79.08969,1952,1477.8000000000006
Uttarakhand,30.04174,79.08969,1953,1565.9
Uttarakhand,30.04174,79.08969,1954,1862.8
Uttarakhand,30.04174,79.08969,1955,1667.0
Uttarakhand,30.04174,79.08969,1956,1942.9
Uttarakhand,30.04174,79.08969,1957,1780.7
Uttarakhand,30.04174,79.08969,1958,1499.0000000000002
Uttarakhand,30.04174,79.08969,1959,1742.9000000000003
Uttarakhand,30.04174,79.08969,1960,1540.1
Uttarakhand,30.04174,79.08969,1961,1948.2
Uttarakhand,30.04174,79.08969,1962,1647.6
Uttarakhand,30.04174,79.08969,1963,1801.9
Uttarakhand,30.04174,79.08969,1964,1769.5
Uttarakhand,30.04174,79.08969,1965,1305.7
Uttarakhand,30.04174,79.08969,1966,1465.9
Uttarakhand,30.04174,79.08969,1967,1556.1
Uttarakhand,30.04174,79.08969,1968,1478.5
Uttarakhand,30.04174,79.08969,1969,1635.8000000000006
Uttarakhand,30.04174,79.08969,1970,1293.4
Uttarakhand,30.04174,79.08969,1971,1803.6
Uttarakhand,30.04174,79.08969,1972,1077.9
Uttarakhand,30.04174,79.08969,1973,1239.5999999999997
Uttarakhand,30.04174,79.08969,1974,1161.6
Uttarakhand,30.04174,79.08969,1975,1580.1999999999994
Uttarakhand,30.04174,79.08969,1976,986.3
Uttarakhand,30.04174,79.08969,1977,1416.3
Uttarakhand,30.04174,79.08969,1978,2031.4
Uttarakhand,30.04174,79.08969,1979,1072.3000000000004
Uttarakhand,30.04174,79.08969,1980,1333.4
Uttarakhand,30.04174,79.08969,1981,1356.2999999999995
Uttarakhand,30.04174,79.08969,1982,1372.1
Uttarakhand,30.04174,79.08969,1983,1525.1999999999994
Uttarakhand,30.04174,79.08969,1984,1339.1
Uttarakhand,30.04174,79.08969,1985,1653.6
Uttarakhand,30.04174,79.08969,1986,1514.4
Uttarakhand,30.04174,79.08969,1987,987.2
Uttarakhand,30.04174,79.08969,1988,1602.4
Uttarakhand,30.04174,79.08969,1989,1263.6
Uttarakhand,30.04174,79.08969,1990,1564.999999999999
Uttarakhand,30.04174,79.08969,1991,1020.7
Uttarakhand,30.04174,79.08969,1992,1108.1
Uttarakhand,30.04174,79.08969,1993,1594.0
Uttarakhand,30.04174,79.08969,1994,1441.8
Uttarakhand,30.04174,79.08969,1995,1616.1
Uttarakhand,30.04174,79.08969,1996,1401.4
Uttarakhand,30.04174,79.08969,1997,803.4999999999999
Uttarakhand,30.04174,79.08969,1998,1198.6
Uttarakhand,30.04174,79.08969,1999,1185.6
Uttarakhand,30.04174,79.08969,2000,1712.8
Uttarakhand,30.04174,79.08969,2001,1544.4
Uttarakhand,30.04174,79.08969,2002,1574.7000000000005
Uttarakhand,30.04174,79.08969,2003,1734.4
Uttarakhand,30.04174,79.08969,2004,1219.6
Uttarakhand,30.04174,79.08969,2005,1348.1999999999996
Uttarakhand,30.04174,79.08969,2006,1178.9
Uttarakhand,30.04174,79.08969,2007,1924.4
Uttarakhand,30.04174,79.08969,2008,1363.5999999999997
Uttarakhand,30.04174,79.08969,2009,847.6
Uttarakhand,30.04174,79.08969,2010,1424.0
Uttarakhand,30.04174,79.08969,2011,1564.6
Uttarakhand,30.04174,79.08969,2012,1223.9
Uttarakhand,30.04174,79.08969,2013,1735.3
Uttarakhand,30.04174,79.08969,2014,1287.5
Uttarakhand,30.04174,79.08969,2015,1247.6
Uttarakhand,30.04174,79.08969,2016,1308.6
Uttarakhand,30.04174,79.08969,2017,1475.8
Haryana Delhi & Chandigarh,29.45568526,76.79243340000002,1901,390.20000000000016
Haryana Delhi & Chandigarh,29.45568526,76.79243340000002,1902,419.70000000000016
Haryana Delhi & Chandigarh,29.45568526,76.79243340000002,1903,428.9
Haryana Delhi & Chandigarh,29.45568526,76.79243340000002,1904,527.5
Haryana Delhi & Chandigarh,29.45568526,76.79243340000002,1905,322.8
Haryana Delhi & Chandigarh,29.45568526,76.79243340000002,1906,593.7
Haryana Delhi & Chandigarh,29.45568526,76.79243340000002,1907,443.9
Haryana Delhi & Chandigarh,29.45568526,76.79243340000002,1908,689.0
Haryana Delhi & Chandigarh,29.45568526,76.79243340000002,1909,769.4
Haryana Delhi & Chandigarh,29.45568526,76.79243340000002,1910,605.1999999999998
Haryana Delhi & Chandigarh,29.45568526,76.79243340000002,1911,509.7
Haryana Delhi & Chandigarh,29.45568526,76.79243340000002,1912,529.2
Haryana Delhi & Chandigarh,29.45568526,76.79243340000002,1913,508.50000000000006
Haryana Delhi & Chandigarh,29.45568526,76.79243340000002,1914,664.7
Haryana Delhi & Chandigarh,29.45568526,76.79243340000002,1915,422.4
Haryana Delhi & Chandigarh,29.45568526,76.79243340000002,1916,629.1999999999998
Haryana Delhi & Chandigarh,29.45568526,76.79243340000002,1917,986.8
Haryana Delhi & Chandigarh,29.45568526,76.79243340000002,1918,234.6
Haryana Delhi & Chandigarh,29.45568526,76.79243340000002,1919,553.8
Haryana Delhi & Chandigarh,29.45568526,76.79243340000002,1920,368.8
Haryana Delhi & Chandigarh,29.45568526,76.79243340000002,1921,446.4
Haryana Delhi & Chandigarh,29.45568526,76.79243340000002,1922,552.7
Haryana Delhi & Chandigarh,29.45568526,76.79243340000002,1923,581.4999999999999
Haryana Delhi & Chandigarh,29.45568526,76.79243340000002,1924,654.8
Haryana Delhi & Chandigarh,29.45568526,76.79243340000002,1925,557.1000000000001
Haryana Delhi & Chandigarh,29.45568526,76.79243340000002,1926,616.0
Haryana Delhi & Chandigarh,29.45568526,76.79243340000002,1927,502.4
Haryana Delhi & Chandigarh,29.45568526,76.79243340000002,1928,388.20000000000016
Haryana Delhi & Chandigarh,29.45568526,76.79243340000002,1929,306.6
Haryana Delhi & Chandigarh,29.45568526,76.79243340000002,1930,500.6
Haryana Delhi & Chandigarh,29.45568526,76.79243340000002,1931,519.0
Haryana Delhi & Chandigarh,29.45568526,76.79243340000002,1932,439.9
Haryana Delhi & Chandigarh,29.45568526,76.79243340000002,1933,856.9
Haryana Delhi & Chandigarh,29.45568526,76.79243340000002,1934,501.3
Haryana Delhi & Chandigarh,29.45568526,76.79243340000002,1935,568.4000000000002
Haryana Delhi & Chandigarh,29.45568526,76.79243340000002,1936,511.1
Haryana Delhi & Chandigarh,29.45568526,76.79243340000002,1937,481.6
Haryana Delhi & Chandigarh,29.45568526,76.79243340000002,1938,278.90000000000003
Haryana Delhi & Chandigarh,29.45568526,76.79243340000002,1939,310.2999999999999
Haryana Delhi & Chandigarh,29.45568526,76.79243340000002,1940,395.7
Haryana Delhi & Chandigarh,29.45568526,76.79243340000002,1941,363.9
Haryana Delhi & Chandigarh,29.45568526,76.79243340000002,1942,804.4
Haryana Delhi & Chandigarh,29.45568526,76.79243340000002,1943,407.9
Haryana Delhi & Chandigarh,29.45568526,76.79243340000002,1944,484.30000000000007
Haryana Delhi & Chandigarh,29.45568526,76.79243340000002,1945,654.7
Haryana Delhi & Chandigarh,29.45568526,76.79243340000002,1946,437.70000000000016
Haryana Delhi & Chandigarh,29.45568526,76.79243340000002,1947,464.6
Haryana Delhi & Chandigarh,29.45568526,76.79243340000002,1948,591.9999999999999
Haryana Delhi & Chandigarh,29.45568526,76.79243340000002,1949,485.3
Haryana Delhi & Chandigarh,29.45568526,76.79243340000002,1950,551.2
Haryana Delhi & Chandigarh,29.45568526,76.79243340000002,1951,338.2
Haryana Delhi & Chandigarh,29.45568526,76.79243340000002,1952,556.5
Haryana Delhi & Chandigarh,29.45568526,76.79243340000002,1953,561.8
Haryana Delhi & Chandigarh,29.45568526,76.79243340000002,1954,536.9
Haryana Delhi & Chandigarh,29.45568526,76.79243340000002,1955,694.0
Haryana Delhi & Chandigarh,29.45568526,76.79243340000002,1956,653.7
Haryana Delhi & Chandigarh,29.45568526,76.79243340000002,1957,617.2000000000003
Haryana Delhi & Chandigarh,29.45568526,76.79243340000002,1958,672.9999999999999
Haryana Delhi & Chandigarh,29.45568526,76.79243340000002,1959,485.00000000000006
Haryana Delhi & Chandigarh,29.45568526,76.79243340000002,1960,722.9000000000003
Haryana Delhi & Chandigarh,29.45568526,76.79243340000002,1961,627.8
Haryana Delhi & Chandigarh,29.45568526,76.79243340000002,1962,511.0
Haryana Delhi & Chandigarh,29.45568526,76.79243340000002,1963,521.7
Haryana Delhi & Chandigarh,29.45568526,76.79243340000002,1964,711.0
Haryana Delhi & Chandigarh,29.45568526,76.79243340000002,1965,381.9
Haryana Delhi & Chandigarh,29.45568526,76.79243340000002,1966,707.9000000000003
Haryana Delhi & Chandigarh,29.45568526,76.79243340000002,1967,839.8999999999999
Haryana Delhi & Chandigarh,29.45568526,76.79243340000002,1968,388.3
Haryana Delhi & Chandigarh,29.45568526,76.79243340000002,1969,477.20000000000016
Haryana Delhi & Chandigarh,29.45568526,76.79243340000002,1970,538.1999999999998
Haryana Delhi & Chandigarh,29.45568526,76.79243340000002,1971,636.7999999999997
Haryana Delhi & Chandigarh,29.45568526,76.79243340000002,1972,440.8
Haryana Delhi & Chandigarh,29.45568526,76.79243340000002,1973,527.1
Haryana Delhi & Chandigarh,29.45568526,76.79243340000002,1974,384.9
Haryana Delhi & Chandigarh,29.45568526,76.79243340000002,1975,622.0
Haryana Delhi & Chandigarh,29.45568526,76.79243340000002,1976,726.6999999999997
Haryana Delhi & Chandigarh,29.45568526,76.79243340000002,1977,740.0999999999997
Haryana Delhi & Chandigarh,29.45568526,76.79243340000002,1978,651.3000000000002
Haryana Delhi & Chandigarh,29.45568526,76.79243340000002,1979,341.5
Haryana Delhi & Chandigarh,29.45568526,76.79243340000002,1980,513.3
Haryana Delhi & Chandigarh,29.45568526,76.79243340000002,1981,493.3
Haryana Delhi & Chandigarh,29.45568526,76.79243340000002,1982,506.6
Haryana Delhi & Chandigarh,29.45568526,76.79243340000002,1983,744.4999999999999
Haryana Delhi & Chandigarh,29.45568526,76.79243340000002,1984,479.2
Haryana Delhi & Chandigarh,29.45568526,76.79243340000002,1985,572.4
Haryana Delhi & Chandigarh,29.45568526,76.79243340000002,1986,451.0
Haryana Delhi & Chandigarh,29.45568526,76.79243340000002,1987,318.6
Haryana Delhi & Chandigarh,29.45568526,76.79243340000002,1988,845.1
Haryana Delhi & Chandigarh,29.45568526,76.79243340000002,1989,416.5
Haryana Delhi & Chandigarh,29.45568526,76.79243340000002,1990,703.2000000000003
Haryana Delhi & Chandigarh,29.45568526,76.79243340000002,1991,393.8
Haryana Delhi & Chandigarh,29.45568526,76.79243340000002,1992,429.5
Haryana Delhi & Chandigarh,29.45568526,76.79243340000002,1993,523.7
Haryana Delhi & Chandigarh,29.45568526,76.79243340000002,1994,564.3000000000002
Haryana Delhi & Chandigarh,29.45568526,76.79243340000002,1995,819.1999999999997
Haryana Delhi & Chandigarh,29.45568526,76.79243340000002,1996,644.6999999999998
Haryana Delhi & Chandigarh,29.45568526,76.79243340000002,1997,668.5999999999998
Haryana Delhi & Chandigarh,29.45568526,76.79243340000002,1998,685.3
Haryana Delhi & Chandigarh,29.45568526,76.79243340000002,1999,344.49999999999994
Haryana Delhi & Chandigarh,29.45568526,76.79243340000002,2000,384.3999999999999
Haryana Delhi & Chandigarh,29.45568526,76.79243340000002,2001,485.4
Haryana Delhi & Chandigarh,29.45568526,76.79243340000002,2002,357.3
Haryana Delhi & Chandigarh,29.45568526,76.79243340000002,2003,597.4000000000002
Haryana Delhi & Chandigarh,29.45568526,76.79243340000002,2004,487.20000000000016
Haryana Delhi & Chandigarh,29.45568526,76.79243340000002,2005,519.3999999999999
Haryana Delhi & Chandigarh,29.45568526,76.79243340000002,2006,330.99999999999994
Haryana Delhi & Chandigarh,29.45568526,76.79243340000002,2007,446.6
Haryana Delhi & Chandigarh,29.45568526,76.79243340000002,2008,710.3000000000003
Haryana Delhi & Chandigarh,29.45568526,76.79243340000002,2009,395.3
Haryana Delhi & Chandigarh,29.45568526,76.79243340000002,2010,640.4
Haryana Delhi & Chandigarh,29.45568526,76.79243340000002,2011,512.1
Haryana Delhi & Chandigarh,29.45568526,76.79243340000002,2012,391.3
Haryana Delhi & Chandigarh,29.45568526,76.79243340000002,2013,461.3
Haryana Delhi & Chandigarh,29.45568526,76.79243340000002,2014,305.5
Haryana Delhi & Chandigarh,29.45568526,76.79243340000002,2015,435.5
Haryana Delhi & Chandigarh,29.45568526,76.79243340000002,2016,398.70000000000016
Haryana Delhi & Chandigarh,29.45568526,76.79243340000002,2017,421.7
Punjab,30.92932,75.50048000000002,1901,523.3
Punjab,30.92932,75.50048000000002,1902,397.9
Punjab,30.92932,75.50048000000002,1903,570.9
Punjab,30.92932,75.50048000000002,1904,451.5
Punjab,30.92932,75.50048000000002,1905,434.1
Punjab,30.92932,75.50048000000002,1906,677.5
Punjab,30.92932,75.50048000000002,1907,588.9999999999999
Punjab,30.92932,75.50048000000002,1908,740.5
Punjab,30.92932,75.50048000000002,1909,845.7
Punjab,30.92932,75.50048000000002,1910,616.4
Punjab,30.92932,75.50048000000002,1911,505.8
Punjab,30.92932,75.50048000000002,1912,536.4000000000002
Punjab,30.92932,75.50048000000002,1913,561.1
Punjab,30.92932,75.50048000000002,1914,794.4000000000003
Punjab,30.92932,75.50048000000002,1915,421.6
Punjab,30.92932,75.50048000000002,1916,588.4
Punjab,30.92932,75.50048000000002,1917,1126.7
Punjab,30.92932,75.50048000000002,1918,339.6
Punjab,30.92932,75.50048000000002,1919,549.8
Punjab,30.92932,75.50048000000002,1920,383.1
Punjab,30.92932,75.50048000000002,1921,370.30000000000007
Punjab,30.92932,75.50048000000002,1922,513.6
Punjab,30.92932,75.50048000000002,1923,737.8000000000003
Punjab,30.92932,75.50048000000002,1924,590.9
Punjab,30.92932,75.50048000000002,1925,629.6999999999998
Punjab,30.92932,75.50048000000002,1926,607.4
Punjab,30.92932,75.50048000000002,1927,481.1
Punjab,30.92932,75.50048000000002,1928,437.3
Punjab,30.92932,75.50048000000002,1929,423.00000000000006
Punjab,30.92932,75.50048000000002,1930,557.4
Punjab,30.92932,75.50048000000002,1931,588.6999999999998
Punjab,30.92932,75.50048000000002,1932,490.3
Punjab,30.92932,75.50048000000002,1933,860.4999999999999
Punjab,30.92932,75.50048000000002,1934,429.19999999999993
Punjab,30.92932,75.50048000000002,1935,598.0000000000001
Punjab,30.92932,75.50048000000002,1936,626.4000000000002
Punjab,30.92932,75.50048000000002,1937,571.1
Punjab,30.92932,75.50048000000002,1938,430.8
Punjab,30.92932,75.50048000000002,1939,403.80000000000007
Punjab,30.92932,75.50048000000002,1940,532.3000000000002
Punjab,30.92932,75.50048000000002,1941,506.4
Punjab,30.92932,75.50048000000002,1942,871.4999999999999
Punjab,30.92932,75.50048000000002,1943,422.4
Punjab,30.92932,75.50048000000002,1944,626.7000000000003
Punjab,30.92932,75.50048000000002,1945,805.3000000000003
Punjab,30.92932,75.50048000000002,1946,478.0
Punjab,30.92932,75.50048000000002,1947,600.9
Punjab,30.92932,75.50048000000002,1948,620.3
Punjab,30.92932,75.50048000000002,1949,585.0
Punjab,30.92932,75.50048000000002,1950,992.0
Punjab,30.92932,75.50048000000002,1951,499.5
Punjab,30.92932,75.50048000000002,1952,566.0
Punjab,30.92932,75.50048000000002,1953,611.5999999999998
Punjab,30.92932,75.50048000000002,1954,633.1999999999998
Punjab,30.92932,75.50048000000002,1955,974.1
Punjab,30.92932,75.50048000000002,1956,750.5000000000001
Punjab,30.92932,75.50048000000002,1957,710.5
Punjab,30.92932,75.50048000000002,1958,827.9999999999999
Punjab,30.92932,75.50048000000002,1959,699.6999999999997
Punjab,30.92932,75.50048000000002,1960,607.0
Punjab,30.92932,75.50048000000002,1961,690.1
Punjab,30.92932,75.50048000000002,1962,769.4
Punjab,30.92932,75.50048000000002,1963,476.1
Punjab,30.92932,75.50048000000002,1964,708.9
Punjab,30.92932,75.50048000000002,1965,423.29999999999984
Punjab,30.92932,75.50048000000002,1966,638.0999999999998
Punjab,30.92932,75.50048000000002,1967,680.3
Punjab,30.92932,75.50048000000002,1968,536.2
Punjab,30.92932,75.50048000000002,1969,494.8
Punjab,30.92932,75.50048000000002,1970,650.6
Punjab,30.92932,75.50048000000002,1971,748.1000000000001
Punjab,30.92932,75.50048000000002,1972,471.10000000000014
Punjab,30.92932,75.50048000000002,1973,743.0999999999997
Punjab,30.92932,75.50048000000002,1974,356.3
Punjab,30.92932,75.50048000000002,1975,705.8
Punjab,30.92932,75.50048000000002,1976,794.6
Punjab,30.92932,75.50048000000002,1977,712.7
Punjab,30.92932,75.50048000000002,1978,720.7
Punjab,30.92932,75.50048000000002,1979,463.90000000000015
Punjab,30.92932,75.50048000000002,1980,661.7000000000003
Punjab,30.92932,75.50048000000002,1981,503.8
Punjab,30.92932,75.50048000000002,1982,571.4
Punjab,30.92932,75.50048000000002,1983,751.0000000000003
Punjab,30.92932,75.50048000000002,1984,710.4000000000003
Punjab,30.92932,75.50048000000002,1985,753.0000000000001
Punjab,30.92932,75.50048000000002,1986,612.0000000000001
Punjab,30.92932,75.50048000000002,1987,409.50000000000006
Punjab,30.92932,75.50048000000002,1988,1222.6
Punjab,30.92932,75.50048000000002,1989,480.4
Punjab,30.92932,75.50048000000002,1990,754.7
Punjab,30.92932,75.50048000000002,1991,475.8
Punjab,30.92932,75.50048000000002,1992,478.1
Punjab,30.92932,75.50048000000002,1993,582.9
Punjab,30.92932,75.50048000000002,1994,580.9
Punjab,30.92932,75.50048000000002,1995,869.1999999999997
Punjab,30.92932,75.50048000000002,1996,589.6
Punjab,30.92932,75.50048000000002,1997,690.0999999999997
Punjab,30.92932,75.50048000000002,1998,588.6
Punjab,30.92932,75.50048000000002,1999,364.6
Punjab,30.92932,75.50048000000002,2000,405.3
Punjab,30.92932,75.50048000000002,2001,441.0
Punjab,30.92932,75.50048000000002,2002,274.7
Punjab,30.92932,75.50048000000002,2003,424.8
Punjab,30.92932,75.50048000000002,2004,351.79999999999984
Punjab,30.92932,75.50048000000002,2005,552.0
Punjab,30.92932,75.50048000000002,2006,647.7
Punjab,30.92932,75.50048000000002,2007,594.8000000000002
Punjab,30.92932,75.50048000000002,2008,717.1999999999997
Punjab,30.92932,75.50048000000002,2009,361.1
Punjab,30.92932,75.50048000000002,2010,451.5
Punjab,30.92932,75.50048000000002,2011,705.1
Punjab,30.92932,75.50048000000002,2012,493.5
Punjab,30.92932,75.50048000000002,2013,586.6000000000001
Punjab,30.92932,75.50048000000002,2014,382.9
Punjab,30.92932,75.50048000000002,2015,510.8
Punjab,30.92932,75.50048000000002,2016,444.1
Punjab,30.92932,75.50048000000002,2017,497.5
Himachal Pradesh,31.81676,77.34931999999998,1901,1345.0
Himachal Pradesh,31.81676,77.34931999999998,1902,951.6
Himachal Pradesh,31.81676,77.34931999999998,1903,993.4
Himachal Pradesh,31.81676,77.34931999999998,1904,987.5
Himachal Pradesh,31.81676,77.34931999999998,1905,930.2
Himachal Pradesh,31.81676,77.34931999999998,1906,1317.4000000000003
Himachal Pradesh,31.81676,77.34931999999998,1907,875.2000000000003
Himachal Pradesh,31.81676,77.34931999999998,1908,987.5
Himachal Pradesh,31.81676,77.34931999999998,1909,1077.1
Himachal Pradesh,31.81676,77.34931999999998,1910,1406.9
Himachal Pradesh,31.81676,77.34931999999998,1911,1333.9
Himachal Pradesh,31.81676,77.34931999999998,1912,1207.6
Himachal Pradesh,31.81676,77.34931999999998,1913,1119.2999999999995
Himachal Pradesh,31.81676,77.34931999999998,1914,1735.9
Himachal Pradesh,31.81676,77.34931999999998,1915,1236.8000000000004
Himachal Pradesh,31.81676,77.34931999999998,1916,1172.1
Himachal Pradesh,31.81676,77.34931999999998,1917,1703.5
Himachal Pradesh,31.81676,77.34931999999998,1918,984.8
Himachal Pradesh,31.81676,77.34931999999998,1919,1213.3
Himachal Pradesh,31.81676,77.34931999999998,1920,1084.8
Himachal Pradesh,31.81676,77.34931999999998,1921,1311.4
Himachal Pradesh,31.81676,77.34931999999998,1922,1718.6
Himachal Pradesh,31.81676,77.34931999999998,1923,1621.0
Himachal Pradesh,31.81676,77.34931999999998,1924,1660.6
Himachal Pradesh,31.81676,77.34931999999998,1925,1509.4
Himachal Pradesh,31.81676,77.34931999999998,1926,1449.8
Himachal Pradesh,31.81676,77.34931999999998,1927,1434.6999999999994
Himachal Pradesh,31.81676,77.34931999999998,1928,1308.8000000000004
Himachal Pradesh,31.81676,77.34931999999998,1929,1424.6999999999994
Himachal Pradesh,31.81676,77.34931999999998,1930,1305.4
Himachal Pradesh,31.81676,77.34931999999998,1931,1266.4
Himachal Pradesh,31.81676,77.34931999999998,1932,1418.6
Himachal Pradesh,31.81676,77.34931999999998,1933,1240.4
Himachal Pradesh,31.81676,77.34931999999998,1934,982.0
Himachal Pradesh,31.81676,77.34931999999998,1935,1028.0
Himachal Pradesh,31.81676,77.34931999999998,1936,1157.9
Himachal Pradesh,31.81676,77.34931999999998,1937,1464.9
Himachal Pradesh,31.81676,77.34931999999998,1938,927.4
Himachal Pradesh,31.81676,77.34931999999998,1939,877.6
Himachal Pradesh,31.81676,77.34931999999998,1940,1088.6
Himachal Pradesh,31.81676,77.34931999999998,1941,895.5000000000001
Himachal Pradesh,31.81676,77.34931999999998,1942,1328.1999999999996
Himachal Pradesh,31.81676,77.34931999999998,1943,1223.1
Himachal Pradesh,31.81676,77.34931999999998,1944,1128.7000000000005
Himachal Pradesh,31.81676,77.34931999999998,1945,1647.0000000000002
Himachal Pradesh,31.81676,77.34931999999998,1946,1539.0
Himachal Pradesh,31.81676,77.34931999999998,1947,1313.4
Himachal Pradesh,31.81676,77.34931999999998,1948,1758.7000000000005
Himachal Pradesh,31.81676,77.34931999999998,1949,1311.1
Himachal Pradesh,31.81676,77.34931999999998,1950,1684.5
Himachal Pradesh,31.81676,77.34931999999998,1951,1238.4999999999998
Himachal Pradesh,31.81676,77.34931999999998,1952,1263.6
Himachal Pradesh,31.81676,77.34931999999998,1953,1425.6
Himachal Pradesh,31.81676,77.34931999999998,1954,1717.5
Himachal Pradesh,31.81676,77.34931999999998,1955,1919.2
Himachal Pradesh,31.81676,77.34931999999998,1956,1541.5999999999997
Himachal Pradesh,31.81676,77.34931999999998,1957,1822.6
Himachal Pradesh,31.81676,77.34931999999998,1958,1572.2999999999995
Himachal Pradesh,31.81676,77.34931999999998,1959,1640.4
Himachal Pradesh,31.81676,77.34931999999998,1960,1115.3000000000004
Himachal Pradesh,31.81676,77.34931999999998,1961,1515.6
Himachal Pradesh,31.81676,77.34931999999998,1962,1393.6
Himachal Pradesh,31.81676,77.34931999999998,1963,1354.6
Himachal Pradesh,31.81676,77.34931999999998,1964,1353.9999999999998
Himachal Pradesh,31.81676,77.34931999999998,1965,1220.3
Himachal Pradesh,31.81676,77.34931999999998,1966,1371.0
Himachal Pradesh,31.81676,77.34931999999998,1967,1558.6
Himachal Pradesh,31.81676,77.34931999999998,1968,1168.1999999999996
Himachal Pradesh,31.81676,77.34931999999998,1969,1127.7000000000005
Himachal Pradesh,31.81676,77.34931999999998,1970,1082.6999999999996
Himachal Pradesh,31.81676,77.34931999999998,1971,1274.9
Himachal Pradesh,31.81676,77.34931999999998,1972,842.3000000000003
Himachal Pradesh,31.81676,77.34931999999998,1973,955.1999999999996
Himachal Pradesh,31.81676,77.34931999999998,1974,776.3
Himachal Pradesh,31.81676,77.34931999999998,1975,1054.0
Himachal Pradesh,31.81676,77.34931999999998,1976,1179.5
Himachal Pradesh,31.81676,77.34931999999998,1977,1245.0
Himachal Pradesh,31.81676,77.34931999999998,1978,1371.2
Himachal Pradesh,31.81676,77.34931999999998,1979,1021.0
Himachal Pradesh,31.81676,77.34931999999998,1980,1154.9
Himachal Pradesh,31.81676,77.34931999999998,1981,1147.2000000000005
Himachal Pradesh,31.81676,77.34931999999998,1982,1423.0
Himachal Pradesh,31.81676,77.34931999999998,1983,1189.6
Himachal Pradesh,31.81676,77.34931999999998,1984,968.3
Himachal Pradesh,31.81676,77.34931999999998,1985,1194.0
Himachal Pradesh,31.81676,77.34931999999998,1986,1322.6
Himachal Pradesh,31.81676,77.34931999999998,1987,1035.4999999999998
Himachal Pradesh,31.81676,77.34931999999998,1988,1881.1
Himachal Pradesh,31.81676,77.34931999999998,1989,1177.2000000000005
Himachal Pradesh,31.81676,77.34931999999998,1990,1462.7999999999995
Himachal Pradesh,31.81676,77.34931999999998,1991,1104.8000000000004
Himachal Pradesh,31.81676,77.34931999999998,1992,1383.1
Himachal Pradesh,31.81676,77.34931999999998,1993,1128.3
Himachal Pradesh,31.81676,77.34931999999998,1994,1410.3
Himachal Pradesh,31.81676,77.34931999999998,1995,1493.7
Himachal Pradesh,31.81676,77.34931999999998,1996,1384.4
Himachal Pradesh,31.81676,77.34931999999998,1997,1454.5000000000002
Himachal Pradesh,31.81676,77.34931999999998,1998,1381.5000000000002
Himachal Pradesh,31.81676,77.34931999999998,1999,1144.9000000000003
Himachal Pradesh,31.81676,77.34931999999998,2000,1068.1
Himachal Pradesh,31.81676,77.34931999999998,2001,991.7999999999996
Himachal Pradesh,31.81676,77.34931999999998,2002,990.5
Himachal Pradesh,31.81676,77.34931999999998,2003,1034.4
Himachal Pradesh,31.81676,77.34931999999998,2004,878.3
Himachal Pradesh,31.81676,77.34931999999998,2005,1248.5
Himachal Pradesh,31.81676,77.34931999999998,2006,1218.4
Himachal Pradesh,31.81676,77.34931999999998,2007,1034.4
Himachal Pradesh,31.81676,77.34931999999998,2008,1114.3000000000004
Himachal Pradesh,31.81676,77.34931999999998,2009,956.5
Himachal Pradesh,31.81676,77.34931999999998,2010,1259.4
Himachal Pradesh,31.81676,77.34931999999998,2011,1108.2
Himachal Pradesh,31.81676,77.34931999999998,2012,951.7
Himachal Pradesh,31.81676,77.34931999999998,2013,1211.9999999999998
Himachal Pradesh,31.81676,77.34931999999998,2014,1008.9
Himachal Pradesh,31.81676,77.34931999999998,2015,1210.5
Himachal Pradesh,31.81676,77.34931999999998,2016,921.5
Himachal Pradesh,31.81676,77.34931999999998,2017,1182.2
Jammu & Kashmir,33.55745,75.06152,1901,980.0
Jammu & Kashmir,33.55745,75.06152,1902,760.4
Jammu & Kashmir,33.55745,75.06152,1903,1286.7
Jammu & Kashmir,33.55745,75.06152,1904,982.1
Jammu & Kashmir,33.55745,75.06152,1905,1157.6
Jammu & Kashmir,33.55745,75.06152,1906,1193.1
Jammu & Kashmir,33.55745,75.06152,1907,1069.6
Jammu & Kashmir,33.55745,75.06152,1908,1227.4
Jammu & Kashmir,33.55745,75.06152,1909,1339.9
Jammu & Kashmir,33.55745,75.06152,1910,1109.6
Jammu & Kashmir,33.55745,75.06152,1911,1280.1
Jammu & Kashmir,33.55745,75.06152,1912,936.7
Jammu & Kashmir,33.55745,75.06152,1913,1000.2
Jammu & Kashmir,33.55745,75.06152,1914,1692.1999999999994
Jammu & Kashmir,33.55745,75.06152,1915,963.8
Jammu & Kashmir,33.55745,75.06152,1916,1034.3000000000004
Jammu & Kashmir,33.55745,75.06152,1917,1386.1
Jammu & Kashmir,33.55745,75.06152,1918,916.5
Jammu & Kashmir,33.55745,75.06152,1919,1189.2
Jammu & Kashmir,33.55745,75.06152,1920,889.9000000000003
Jammu & Kashmir,33.55745,75.06152,1921,1057.6999999999996
Jammu & Kashmir,33.55745,75.06152,1922,890.8000000000003
Jammu & Kashmir,33.55745,75.06152,1923,1264.3
Jammu & Kashmir,33.55745,75.06152,1924,1181.9999999999998
Jammu & Kashmir,33.55745,75.06152,1925,1013.3
Jammu & Kashmir,33.55745,75.06152,1926,1123.4999999999998
Jammu & Kashmir,33.55745,75.06152,1927,973.0
Jammu & Kashmir,33.55745,75.06152,1928,1291.1
Jammu & Kashmir,33.55745,75.06152,1929,1102.6999999999996
Jammu & Kashmir,33.55745,75.06152,1930,1168.0000000000002
Jammu & Kashmir,33.55745,75.06152,1931,954.9
Jammu & Kashmir,33.55745,75.06152,1932,1039.4
Jammu & Kashmir,33.55745,75.06152,1933,1187.7
Jammu & Kashmir,33.55745,75.06152,1934,803.0999999999997
Jammu & Kashmir,33.55745,75.06152,1935,1085.4
Jammu & Kashmir,33.55745,75.06152,1936,1140.9
Jammu & Kashmir,33.55745,75.06152,1937,939.8
Jammu & Kashmir,33.55745,75.06152,1938,1061.8
Jammu & Kashmir,33.55745,75.06152,1939,1003.3000000000004
Jammu & Kashmir,33.55745,75.06152,1940,878.4000000000003
Jammu & Kashmir,33.55745,75.06152,1941,871.6999999999997
Jammu & Kashmir,33.55745,75.06152,1942,1239.9
Jammu & Kashmir,33.55745,75.06152,1943,1167.6999999999996
Jammu & Kashmir,33.55745,75.06152,1944,1050.9
Jammu & Kashmir,33.55745,75.06152,1945,856.3
Jammu & Kashmir,33.55745,75.06152,1946,922.3
Jammu & Kashmir,33.55745,75.06152,1947,913.9
Jammu & Kashmir,33.55745,75.06152,1948,1183.1
Jammu & Kashmir,33.55745,75.06152,1949,947.0
Jammu & Kashmir,33.55745,75.06152,1950,1523.0999999999997
Jammu & Kashmir,33.55745,75.06152,1951,962.7999999999996
Jammu & Kashmir,33.55745,75.06152,1952,1069.5
Jammu & Kashmir,33.55745,75.06152,1953,1229.6999999999996
Jammu & Kashmir,33.55745,75.06152,1954,1307.3000000000004
Jammu & Kashmir,33.55745,75.06152,1955,1156.5000000000002
Jammu & Kashmir,33.55745,75.06152,1956,1520.7
Jammu & Kashmir,33.55745,75.06152,1957,1520.3
Jammu & Kashmir,33.55745,75.06152,1958,1350.4
Jammu & Kashmir,33.55745,75.06152,1959,1550.2
Jammu & Kashmir,33.55745,75.06152,1960,766.4000000000003
Jammu & Kashmir,33.55745,75.06152,1961,1137.9
Jammu & Kashmir,33.55745,75.06152,1962,930.3
Jammu & Kashmir,33.55745,75.06152,1963,909.1
Jammu & Kashmir,33.55745,75.06152,1964,946.2
Jammu & Kashmir,33.55745,75.06152,1965,912.5
Jammu & Kashmir,33.55745,75.06152,1966,1378.9
Jammu & Kashmir,33.55745,75.06152,1967,1091.4
Jammu & Kashmir,33.55745,75.06152,1968,1065.5
Jammu & Kashmir,33.55745,75.06152,1969,1095.5999999999997
Jammu & Kashmir,33.55745,75.06152,1970,656.9
Jammu & Kashmir,33.55745,75.06152,1971,764.5
Jammu & Kashmir,33.55745,75.06152,1972,1145.6999999999996
Jammu & Kashmir,33.55745,75.06152,1973,1100.5
Jammu & Kashmir,33.55745,75.06152,1974,802.5000000000001
Jammu & Kashmir,33.55745,75.06152,1975,1180.4999999999998
Jammu & Kashmir,33.55745,75.06152,1976,1023.4
Jammu & Kashmir,33.55745,75.06152,1977,955.1
Jammu & Kashmir,33.55745,75.06152,1978,1061.6
Jammu & Kashmir,33.55745,75.06152,1979,1077.4
Jammu & Kashmir,33.55745,75.06152,1980,1017.7
Jammu & Kashmir,33.55745,75.06152,1981,1135.5
Jammu & Kashmir,33.55745,75.06152,1982,1202.1
Jammu & Kashmir,33.55745,75.06152,1983,1485.1999999999994
Jammu & Kashmir,33.55745,75.06152,1984,1157.3000000000004
Jammu & Kashmir,33.55745,75.06152,1985,1167.2
Jammu & Kashmir,33.55745,75.06152,1986,1521.1
Jammu & Kashmir,33.55745,75.06152,1987,1216.0
Jammu & Kashmir,33.55745,75.06152,1988,1671.0
Jammu & Kashmir,33.55745,75.06152,1989,1216.0
Jammu & Kashmir,33.55745,75.06152,1990,1573.8
Jammu & Kashmir,33.55745,75.06152,1991,1449.0
Jammu & Kashmir,33.55745,75.06152,1992,1478.0
Jammu & Kashmir,33.55745,75.06152,1993,1243.7000000000005
Jammu & Kashmir,33.55745,75.06152,1994,1732.4
Jammu & Kashmir,33.55745,75.06152,1995,1619.5999999999997
Jammu & Kashmir,33.55745,75.06152,1996,1620.4999999999998
Jammu & Kashmir,33.55745,75.06152,1997,1295.9
Jammu & Kashmir,33.55745,75.06152,1998,1325.8000000000004
Jammu & Kashmir,33.55745,75.06152,1999,890.6
Jammu & Kashmir,33.55745,75.06152,2000,984.6
Jammu & Kashmir,33.55745,75.06152,2001,952.7
Jammu & Kashmir,33.55745,75.06152,2002,903.4
Jammu & Kashmir,33.55745,75.06152,2003,1311.1
Jammu & Kashmir,33.55745,75.06152,2004,944.8
Jammu & Kashmir,33.55745,75.06152,2005,1692.5999999999997
Jammu & Kashmir,33.55745,75.06152,2006,1519.9
Jammu & Kashmir,33.55745,75.06152,2007,1023.6
Jammu & Kashmir,33.55745,75.06152,2008,1224.5000000000002
Jammu & Kashmir,33.55745,75.06152,2009,1104.3893223234738
Jammu & Kashmir,33.55745,75.06152,2010,997.8000000000004
Jammu & Kashmir,33.55745,75.06152,2011,887.5999999999997
Jammu & Kashmir,33.55745,75.06152,2012,1034.7
Jammu & Kashmir,33.55745,75.06152,2013,859.3
Jammu & Kashmir,33.55745,75.06152,2014,1093.5
Jammu & Kashmir,33.55745,75.06152,2015,1572.9
Jammu & Kashmir,33.55745,75.06152,2016,902.9
Jammu & Kashmir,33.55745,75.06152,2017,1279.1
West Rajasthan,26.81527643,71.00340235,1901,158.8
West Rajasthan,26.81527643,71.00340235,1902,195.5
West Rajasthan,26.81527643,71.00340235,1903,307.2000000000001
West Rajasthan,26.81527643,71.00340235,1904,167.9
West Rajasthan,26.81527643,71.00340235,1905,114.4
West Rajasthan,26.81527643,71.00340235,1906,269.6
West Rajasthan,26.81527643,71.00340235,1907,353.3
West Rajasthan,26.81527643,71.00340235,1908,582.0
West Rajasthan,26.81527643,71.00340235,1909,426.2
West Rajasthan,26.81527643,71.00340235,1910,293.4
West Rajasthan,26.81527643,71.00340235,1911,138.9
West Rajasthan,26.81527643,71.00340235,1912,279.79999999999995
West Rajasthan,26.81527643,71.00340235,1913,248.1
West Rajasthan,26.81527643,71.00340235,1914,302.3
West Rajasthan,26.81527643,71.00340235,1915,147.3
West Rajasthan,26.81527643,71.00340235,1916,421.7
West Rajasthan,26.81527643,71.00340235,1917,768.8
West Rajasthan,26.81527643,71.00340235,1918,62.2
West Rajasthan,26.81527643,71.00340235,1919,305.0
West Rajasthan,26.81527643,71.00340235,1920,248.6
West Rajasthan,26.81527643,71.00340235,1921,218.0
West Rajasthan,26.81527643,71.00340235,1922,244.9
West Rajasthan,26.81527643,71.00340235,1923,273.3999999999999
West Rajasthan,26.81527643,71.00340235,1924,297.0
West Rajasthan,26.81527643,71.00340235,1925,169.60000000000005
West Rajasthan,26.81527643,71.00340235,1926,440.2
West Rajasthan,26.81527643,71.00340235,1927,332.49999999999994
West Rajasthan,26.81527643,71.00340235,1928,272.1
West Rajasthan,26.81527643,71.00340235,1929,303.2999999999999
West Rajasthan,26.81527643,71.00340235,1930,230.0
West Rajasthan,26.81527643,71.00340235,1931,395.3
West Rajasthan,26.81527643,71.00340235,1932,265.1
West Rajasthan,26.81527643,71.00340235,1933,376.20000000000016
West Rajasthan,26.81527643,71.00340235,1934,322.4
West Rajasthan,26.81527643,71.00340235,1935,256.7
West Rajasthan,26.81527643,71.00340235,1936,265.40000000000003
West Rajasthan,26.81527643,71.00340235,1937,292.4000000000001
West Rajasthan,26.81527643,71.00340235,1938,183.5
West Rajasthan,26.81527643,71.00340235,1939,137.4
West Rajasthan,26.81527643,71.00340235,1940,292.4
West Rajasthan,26.81527643,71.00340235,1941,224.6
West Rajasthan,26.81527643,71.00340235,1942,338.9000000000001
West Rajasthan,26.81527643,71.00340235,1943,295.5
West Rajasthan,26.81527643,71.00340235,1944,525.0000000000001
West Rajasthan,26.81527643,71.00340235,1945,363.9
West Rajasthan,26.81527643,71.00340235,1946,223.0
West Rajasthan,26.81527643,71.00340235,1947,253.2
West Rajasthan,26.81527643,71.00340235,1948,233.5
West Rajasthan,26.81527643,71.00340235,1949,224.7
West Rajasthan,26.81527643,71.00340235,1950,278.29999999999995
West Rajasthan,26.81527643,71.00340235,1951,179.90000000000003
West Rajasthan,26.81527643,71.00340235,1952,267.20000000000005
West Rajasthan,26.81527643,71.00340235,1953,304.30000000000007
West Rajasthan,26.81527643,71.00340235,1954,250.5
West Rajasthan,26.81527643,71.00340235,1955,391.3
West Rajasthan,26.81527643,71.00340235,1956,374.1
West Rajasthan,26.81527643,71.00340235,1957,267.29999999999995
West Rajasthan,26.81527643,71.00340235,1958,264.1
West Rajasthan,26.81527643,71.00340235,1959,335.4000000000001
West Rajasthan,26.81527643,71.00340235,1960,217.8
West Rajasthan,26.81527643,71.00340235,1961,400.3
West Rajasthan,26.81527643,71.00340235,1962,262.40000000000003
West Rajasthan,26.81527643,71.00340235,1963,174.5
West Rajasthan,26.81527643,71.00340235,1964,337.4000000000001
West Rajasthan,26.81527643,71.00340235,1965,215.2
West Rajasthan,26.81527643,71.00340235,1966,252.90000000000003
West Rajasthan,26.81527643,71.00340235,1967,340.3
West Rajasthan,26.81527643,71.00340235,1968,141.99999999999997
West Rajasthan,26.81527643,71.00340235,1969,118.9
West Rajasthan,26.81527643,71.00340235,1970,355.7
West Rajasthan,26.81527643,71.00340235,1971,251.7
West Rajasthan,26.81527643,71.00340235,1972,185.9
West Rajasthan,26.81527643,71.00340235,1973,454.8
West Rajasthan,26.81527643,71.00340235,1974,164.3
West Rajasthan,26.81527643,71.00340235,1975,553.9000000000002
West Rajasthan,26.81527643,71.00340235,1976,425.1
West Rajasthan,26.81527643,71.00340235,1977,389.20000000000016
West Rajasthan,26.81527643,71.00340235,1978,379.5999999999999
West Rajasthan,26.81527643,71.00340235,1979,308.4
West Rajasthan,26.81527643,71.00340235,1980,238.3
West Rajasthan,26.81527643,71.00340235,1981,248.5
West Rajasthan,26.81527643,71.00340235,1982,311.7999999999999
West Rajasthan,26.81527643,71.00340235,1983,469.30000000000007
West Rajasthan,26.81527643,71.00340235,1984,203.3
West Rajasthan,26.81527643,71.00340235,1985,197.3
West Rajasthan,26.81527643,71.00340235,1986,204.2
West Rajasthan,26.81527643,71.00340235,1987,143.0
West Rajasthan,26.81527643,71.00340235,1988,280.4
West Rajasthan,26.81527643,71.00340235,1989,248.2
West Rajasthan,26.81527643,71.00340235,1990,445.0
West Rajasthan,26.81527643,71.00340235,1991,179.09999999999997
West Rajasthan,26.81527643,71.00340235,1992,425.8
West Rajasthan,26.81527643,71.00340235,1993,293.5
West Rajasthan,26.81527643,71.00340235,1994,415.4
West Rajasthan,26.81527643,71.00340235,1995,367.8
West Rajasthan,26.81527643,71.00340235,1996,307.7999999999999
West Rajasthan,26.81527643,71.00340235,1997,345.20000000000016
West Rajasthan,26.81527643,71.00340235,1998,279.6
West Rajasthan,26.81527643,71.00340235,1999,204.3
West Rajasthan,26.81527643,71.00340235,2000,235.4
West Rajasthan,26.81527643,71.00340235,2001,285.3
West Rajasthan,26.81527643,71.00340235,2002,92.2
West Rajasthan,26.81527643,71.00340235,2003,368.1
West Rajasthan,26.81527643,71.00340235,2004,196.79999999999995
West Rajasthan,26.81527643,71.00340235,2005,260.6
West Rajasthan,26.81527643,71.00340235,2006,361.3
West Rajasthan,26.81527643,71.00340235,2007,310.7000000000001
West Rajasthan,26.81527643,71.00340235,2008,324.1
West Rajasthan,26.81527643,71.00340235,2009,160.5
West Rajasthan,26.81527643,71.00340235,2010,473.3
West Rajasthan,26.81527643,71.00340235,2011,418.70000000000016
West Rajasthan,26.81527643,71.00340235,2012,327.2999999999999
West Rajasthan,26.81527643,71.00340235,2013,389.5
West Rajasthan,26.81527643,71.00340235,2014,302.4
West Rajasthan,26.81527643,71.00340235,2015,458.50000000000006
West Rajasthan,26.81527643,71.00340235,2016,347.0
West Rajasthan,26.81527643,71.00340235,2017,408.20000000000016
East Rajasthan,26.59936334,76.78221066,1901,412.6
East Rajasthan,26.59936334,76.78221066,1902,578.1999999999998
East Rajasthan,26.59936334,76.78221066,1903,686.0999999999998
East Rajasthan,26.59936334,76.78221066,1904,694.5
East Rajasthan,26.59936334,76.78221066,1905,279.90000000000003
East Rajasthan,26.59936334,76.78221066,1906,647.3
East Rajasthan,26.59936334,76.78221066,1907,551.6999999999998
East Rajasthan,26.59936334,76.78221066,1908,870.1000000000001
East Rajasthan,26.59936334,76.78221066,1909,781.8
East Rajasthan,26.59936334,76.78221066,1910,685.3
East Rajasthan,26.59936334,76.78221066,1911,420.3
East Rajasthan,26.59936334,76.78221066,1912,655.3
East Rajasthan,26.59936334,76.78221066,1913,498.2
East Rajasthan,26.59936334,76.78221066,1914,676.4999999999999
East Rajasthan,26.59936334,76.78221066,1915,401.6
East Rajasthan,26.59936334,76.78221066,1916,845.1999999999997
East Rajasthan,26.59936334,76.78221066,1917,1350.5
East Rajasthan,26.59936334,76.78221066,1918,273.6
East Rajasthan,26.59936334,76.78221066,1919,786.8999999999999
East Rajasthan,26.59936334,76.78221066,1920,596.4999999999999
East Rajasthan,26.59936334,76.78221066,1921,547.7
East Rajasthan,26.59936334,76.78221066,1922,669.9000000000002
East Rajasthan,26.59936334,76.78221066,1923,690.0
East Rajasthan,26.59936334,76.78221066,1924,924.4
East Rajasthan,26.59936334,76.78221066,1925,483.69999999999993
East Rajasthan,26.59936334,76.78221066,1926,832.3000000000003
East Rajasthan,26.59936334,76.78221066,1927,725.9999999999999
East Rajasthan,26.59936334,76.78221066,1928,608.3
East Rajasthan,26.59936334,76.78221066,1929,575.8000000000002
East Rajasthan,26.59936334,76.78221066,1930,661.1999999999998
East Rajasthan,26.59936334,76.78221066,1931,774.3999999999999
East Rajasthan,26.59936334,76.78221066,1932,543.8
East Rajasthan,26.59936334,76.78221066,1933,937.9
East Rajasthan,26.59936334,76.78221066,1934,808.8
East Rajasthan,26.59936334,76.78221066,1935,684.8000000000002
East Rajasthan,26.59936334,76.78221066,1936,542.2
East Rajasthan,26.59936334,76.78221066,1937,670.3999999999999
East Rajasthan,26.59936334,76.78221066,1938,503.1
East Rajasthan,26.59936334,76.78221066,1939,400.70000000000016
East Rajasthan,26.59936334,76.78221066,1940,652.9999999999999
East Rajasthan,26.59936334,76.78221066,1941,505.70000000000016
East Rajasthan,26.59936334,76.78221066,1942,939.3
East Rajasthan,26.59936334,76.78221066,1943,716.6
East Rajasthan,26.59936334,76.78221066,1944,906.9
East Rajasthan,26.59936334,76.78221066,1945,861.8000000000003
East Rajasthan,26.59936334,76.78221066,1946,887.6000000000001
East Rajasthan,26.59936334,76.78221066,1947,714.9
East Rajasthan,26.59936334,76.78221066,1948,663.4999999999999
East Rajasthan,26.59936334,76.78221066,1949,509.2
East Rajasthan,26.59936334,76.78221066,1950,739.9000000000003
East Rajasthan,26.59936334,76.78221066,1951,362.9
East Rajasthan,26.59936334,76.78221066,1952,712.6
East Rajasthan,26.59936334,76.78221066,1953,585.8
East Rajasthan,26.59936334,76.78221066,1954,666.0
East Rajasthan,26.59936334,76.78221066,1955,844.6
East Rajasthan,26.59936334,76.78221066,1956,928.9
East Rajasthan,26.59936334,76.78221066,1957,662.3000000000002
East Rajasthan,26.59936334,76.78221066,1958,742.7
East Rajasthan,26.59936334,76.78221066,1959,786.3
East Rajasthan,26.59936334,76.78221066,1960,591.6
East Rajasthan,26.59936334,76.78221066,1961,884.3000000000003
East Rajasthan,26.59936334,76.78221066,1962,604.1
East Rajasthan,26.59936334,76.78221066,1963,577.5999999999998
East Rajasthan,26.59936334,76.78221066,1964,646.2000000000003
East Rajasthan,26.59936334,76.78221066,1965,423.9
East Rajasthan,26.59936334,76.78221066,1966,473.3
East Rajasthan,26.59936334,76.78221066,1967,760.1
East Rajasthan,26.59936334,76.78221066,1968,519.5
East Rajasthan,26.59936334,76.78221066,1969,634.1000000000001
East Rajasthan,26.59936334,76.78221066,1970,718.4
East Rajasthan,26.59936334,76.78221066,1971,784.4000000000003
East Rajasthan,26.59936334,76.78221066,1972,454.3
East Rajasthan,26.59936334,76.78221066,1973,948.2
East Rajasthan,26.59936334,76.78221066,1974,611.9000000000002
East Rajasthan,26.59936334,76.78221066,1975,897.9
East Rajasthan,26.59936334,76.78221066,1976,815.4000000000003
East Rajasthan,26.59936334,76.78221066,1977,887.5
East Rajasthan,26.59936334,76.78221066,1978,727.2
East Rajasthan,26.59936334,76.78221066,1979,515.2
East Rajasthan,26.59936334,76.78221066,1980,547.3999999999999
East Rajasthan,26.59936334,76.78221066,1981,615.3000000000002
East Rajasthan,26.59936334,76.78221066,1982,660.3
East Rajasthan,26.59936334,76.78221066,1983,795.3
East Rajasthan,26.59936334,76.78221066,1984,563.4
East Rajasthan,26.59936334,76.78221066,1985,588.1
East Rajasthan,26.59936334,76.78221066,1986,590.0000000000001
East Rajasthan,26.59936334,76.78221066,1987,435.8999999999999
East Rajasthan,26.59936334,76.78221066,1988,640.1
East Rajasthan,26.59936334,76.78221066,1989,510.5
East Rajasthan,26.59936334,76.78221066,1990,780.0999999999997
East Rajasthan,26.59936334,76.78221066,1991,578.7
East Rajasthan,26.59936334,76.78221066,1992,723.5
East Rajasthan,26.59936334,76.78221066,1993,595.1999999999998
East Rajasthan,26.59936334,76.78221066,1994,839.1999999999997
East Rajasthan,26.59936334,76.78221066,1995,754.1999999999997
East Rajasthan,26.59936334,76.78221066,1996,715.6
East Rajasthan,26.59936334,76.78221066,1997,573.8
East Rajasthan,26.59936334,76.78221066,1998,475.7
East Rajasthan,26.59936334,76.78221066,1999,408.5
East Rajasthan,26.59936334,76.78221066,2000,440.1
East Rajasthan,26.59936334,76.78221066,2001,551.3000000000002
East Rajasthan,26.59936334,76.78221066,2002,285.3
East Rajasthan,26.59936334,76.78221066,2003,626.6
East Rajasthan,26.59936334,76.78221066,2004,606.2
East Rajasthan,26.59936334,76.78221066,2005,567.8
East Rajasthan,26.59936334,76.78221066,2006,748.5
East Rajasthan,26.59936334,76.78221066,2007,575.6
East Rajasthan,26.59936334,76.78221066,2008,644.5
East Rajasthan,26.59936334,76.78221066,2009,414.2
East Rajasthan,26.59936334,76.78221066,2010,689.4999999999999
East Rajasthan,26.59936334,76.78221066,2011,802.0
East Rajasthan,26.59936334,76.78221066,2012,693.6
East Rajasthan,26.59936334,76.78221066,2013,835.9999999999999
East Rajasthan,26.59936334,76.78221066,2014,683.3000000000002
East Rajasthan,26.59936334,76.78221066,2015,650.6999999999998
East Rajasthan,26.59936334,76.78221066,2016,860.6
East Rajasthan,26.59936334,76.78221066,2017,600.4
West Madhya Pradesh,22.91949367,75.03578348,1901,718.1999999999997
West Madhya Pradesh,22.91949367,75.03578348,1902,911.8
West Madhya Pradesh,22.91949367,75.03578348,1903,949.5
West Madhya Pradesh,22.91949367,75.03578348,1904,774.3
West Madhya Pradesh,22.91949367,75.03578348,1905,696.6
West Madhya Pradesh,22.91949367,75.03578348,1906,1010.2
West Madhya Pradesh,22.91949367,75.03578348,1907,650.4999999999999
West Madhya Pradesh,22.91949367,75.03578348,1908,832.5999999999997
West Madhya Pradesh,22.91949367,75.03578348,1909,830.2999999999997
West Madhya Pradesh,22.91949367,75.03578348,1910,959.4
West Madhya Pradesh,22.91949367,75.03578348,1911,676.3
West Madhya Pradesh,22.91949367,75.03578348,1912,807.1999999999997
West Madhya Pradesh,22.91949367,75.03578348,1913,790.4999999999999
West Madhya Pradesh,22.91949367,75.03578348,1914,836.4000000000003
West Madhya Pradesh,22.91949367,75.03578348,1915,772.7
West Madhya Pradesh,22.91949367,75.03578348,1916,1219.1
West Madhya Pradesh,22.91949367,75.03578348,1917,1309.3000000000004
West Madhya Pradesh,22.91949367,75.03578348,1918,509.50000000000006
West Madhya Pradesh,22.91949367,75.03578348,1919,1232.9
West Madhya Pradesh,22.91949367,75.03578348,1920,714.8000000000003
West Madhya Pradesh,22.91949367,75.03578348,1921,808.4999999999999
West Madhya Pradesh,22.91949367,75.03578348,1922,918.1
West Madhya Pradesh,22.91949367,75.03578348,1923,1071.1
West Madhya Pradesh,22.91949367,75.03578348,1924,1031.1
West Madhya Pradesh,22.91949367,75.03578348,1925,693.4000000000003
West Madhya Pradesh,22.91949367,75.03578348,1926,913.8
West Madhya Pradesh,22.91949367,75.03578348,1927,872.8000000000003
West Madhya Pradesh,22.91949367,75.03578348,1928,895.6999999999997
West Madhya Pradesh,22.91949367,75.03578348,1929,728.6
West Madhya Pradesh,22.91949367,75.03578348,1930,888.1999999999997
West Madhya Pradesh,22.91949367,75.03578348,1931,1131.7
West Madhya Pradesh,22.91949367,75.03578348,1932,988.2999999999996
West Madhya Pradesh,22.91949367,75.03578348,1933,1211.6
West Madhya Pradesh,22.91949367,75.03578348,1934,1164.9
West Madhya Pradesh,22.91949367,75.03578348,1935,871.2
West Madhya Pradesh,22.91949367,75.03578348,1936,901.1
West Madhya Pradesh,22.91949367,75.03578348,1937,1053.5
West Madhya Pradesh,22.91949367,75.03578348,1938,1001.0
West Madhya Pradesh,22.91949367,75.03578348,1939,802.5999999999997
West Madhya Pradesh,22.91949367,75.03578348,1940,1064.9
West Madhya Pradesh,22.91949367,75.03578348,1941,739.4
West Madhya Pradesh,22.91949367,75.03578348,1942,1201.6999999999996
West Madhya Pradesh,22.91949367,75.03578348,1943,962.8
West Madhya Pradesh,22.91949367,75.03578348,1944,1347.6999999999996
West Madhya Pradesh,22.91949367,75.03578348,1945,1047.3
West Madhya Pradesh,22.91949367,75.03578348,1946,1250.7
West Madhya Pradesh,22.91949367,75.03578348,1947,1064.7
West Madhya Pradesh,22.91949367,75.03578348,1948,1247.6999999999996
West Madhya Pradesh,22.91949367,75.03578348,1949,966.1
West Madhya Pradesh,22.91949367,75.03578348,1950,904.4
West Madhya Pradesh,22.91949367,75.03578348,1951,649.6999999999998
West Madhya Pradesh,22.91949367,75.03578348,1952,829.3
West Madhya Pradesh,22.91949367,75.03578348,1953,793.7
West Madhya Pradesh,22.91949367,75.03578348,1954,1100.5000000000002
West Madhya Pradesh,22.91949367,75.03578348,1955,1149.2
West Madhya Pradesh,22.91949367,75.03578348,1956,1065.8
West Madhya Pradesh,22.91949367,75.03578348,1957,833.0000000000001
West Madhya Pradesh,22.91949367,75.03578348,1958,1099.7
West Madhya Pradesh,22.91949367,75.03578348,1959,1181.5
West Madhya Pradesh,22.91949367,75.03578348,1960,882.5
West Madhya Pradesh,22.91949367,75.03578348,1961,1433.5
West Madhya Pradesh,22.91949367,75.03578348,1962,905.9
West Madhya Pradesh,22.91949367,75.03578348,1963,905.3
West Madhya Pradesh,22.91949367,75.03578348,1964,879.9000000000003
West Madhya Pradesh,22.91949367,75.03578348,1965,594.6
West Madhya Pradesh,22.91949367,75.03578348,1966,680.0
West Madhya Pradesh,22.91949367,75.03578348,1967,945.6
West Madhya Pradesh,22.91949367,75.03578348,1968,861.3000000000003
West Madhya Pradesh,22.91949367,75.03578348,1969,1116.7999999999995
West Madhya Pradesh,22.91949367,75.03578348,1970,1113.1
West Madhya Pradesh,22.91949367,75.03578348,1971,1135.6
West Madhya Pradesh,22.91949367,75.03578348,1972,770.2
West Madhya Pradesh,22.91949367,75.03578348,1973,1406.9000000000003
West Madhya Pradesh,22.91949367,75.03578348,1974,876.5999999999997
West Madhya Pradesh,22.91949367,75.03578348,1975,1064.6999999999996
West Madhya Pradesh,22.91949367,75.03578348,1976,1027.6
West Madhya Pradesh,22.91949367,75.03578348,1977,1002.8
West Madhya Pradesh,22.91949367,75.03578348,1978,1003.2
West Madhya Pradesh,22.91949367,75.03578348,1979,781.8
West Madhya Pradesh,22.91949367,75.03578348,1980,873.9999999999999
West Madhya Pradesh,22.91949367,75.03578348,1981,890.1999999999997
West Madhya Pradesh,22.91949367,75.03578348,1982,934.0999999999996
West Madhya Pradesh,22.91949367,75.03578348,1983,1071.8
West Madhya Pradesh,22.91949367,75.03578348,1984,859.5
West Madhya Pradesh,22.91949367,75.03578348,1985,874.7
West Madhya Pradesh,22.91949367,75.03578348,1986,937.1
West Madhya Pradesh,22.91949367,75.03578348,1987,784.0
West Madhya Pradesh,22.91949367,75.03578348,1988,951.1
West Madhya Pradesh,22.91949367,75.03578348,1989,758.4
West Madhya Pradesh,22.91949367,75.03578348,1990,1143.9999999999998
West Madhya Pradesh,22.91949367,75.03578348,1991,745.4
West Madhya Pradesh,22.91949367,75.03578348,1992,754.3000000000003
West Madhya Pradesh,22.91949367,75.03578348,1993,1031.7999999999995
West Madhya Pradesh,22.91949367,75.03578348,1994,1179.6
West Madhya Pradesh,22.91949367,75.03578348,1995,864.6
West Madhya Pradesh,22.91949367,75.03578348,1996,1085.5
West Madhya Pradesh,22.91949367,75.03578348,1997,1058.4
West Madhya Pradesh,22.91949367,75.03578348,1998,926.9
West Madhya Pradesh,22.91949367,75.03578348,1999,1052.7
West Madhya Pradesh,22.91949367,75.03578348,2000,635.1043738049715
West Madhya Pradesh,22.91949367,75.03578348,2001,787.0
West Madhya Pradesh,22.91949367,75.03578348,2002,684.3
West Madhya Pradesh,22.91949367,75.03578348,2003,946.3
West Madhya Pradesh,22.91949367,75.03578348,2004,848.0
West Madhya Pradesh,22.91949367,75.03578348,2005,752.3
West Madhya Pradesh,22.91949367,75.03578348,2006,1169.1999999999996
West Madhya Pradesh,22.91949367,75.03578348,2007,806.5000000000001
West Madhya Pradesh,22.91949367,75.03578348,2008,791.1
West Madhya Pradesh,22.91949367,75.03578348,2009,876.9000000000003
West Madhya Pradesh,22.91949367,75.03578348,2010,776.2
West Madhya Pradesh,22.91949367,75.03578348,2011,1063.9
West Madhya Pradesh,22.91949367,75.03578348,2012,1035.1999999999996
West Madhya Pradesh,22.91949367,75.03578348,2013,1396.2000000000005
West Madhya Pradesh,22.91949367,75.03578348,2014,864.8
West Madhya Pradesh,22.91949367,75.03578348,2015,1042.2
West Madhya Pradesh,22.91949367,75.03578348,2016,1097.9999999999998
West Madhya Pradesh,22.91949367,75.03578348,2017,768.8999999999999
East Madhya Pradesh,23.93761358,81.11122264,1901,1332.7000000000005
East Madhya Pradesh,23.93761358,81.11122264,1902,984.3
East Madhya Pradesh,23.93761358,81.11122264,1903,1178.1
East Madhya Pradesh,23.93761358,81.11122264,1904,1144.3000000000004
East Madhya Pradesh,23.93761358,81.11122264,1905,886.1999999999997
East Madhya Pradesh,23.93761358,81.11122264,1906,1369.6999999999996
East Madhya Pradesh,23.93761358,81.11122264,1907,1009.6
East Madhya Pradesh,23.93761358,81.11122264,1908,1430.5
East Madhya Pradesh,23.93761358,81.11122264,1909,1122.0
East Madhya Pradesh,23.93761358,81.11122264,1910,1222.2
East Madhya Pradesh,23.93761358,81.11122264,1911,1197.1
East Madhya Pradesh,23.93761358,81.11122264,1912,1150.5
East Madhya Pradesh,23.93761358,81.11122264,1913,936.2000000000004
East Madhya Pradesh,23.93761358,81.11122264,1914,1250.0000000000002
East Madhya Pradesh,23.93761358,81.11122264,1915,1382.4
East Madhya Pradesh,23.93761358,81.11122264,1916,1480.2000000000005
East Madhya Pradesh,23.93761358,81.11122264,1917,1639.3
East Madhya Pradesh,23.93761358,81.11122264,1918,930.5
East Madhya Pradesh,23.93761358,81.11122264,1919,1747.2999999999995
East Madhya Pradesh,23.93761358,81.11122264,1920,899.5999999999997
East Madhya Pradesh,23.93761358,81.11122264,1921,1132.0
East Madhya Pradesh,23.93761358,81.11122264,1922,1237.9
East Madhya Pradesh,23.93761358,81.11122264,1923,1443.8000000000006
East Madhya Pradesh,23.93761358,81.11122264,1924,1315.4
East Madhya Pradesh,23.93761358,81.11122264,1925,1354.4
East Madhya Pradesh,23.93761358,81.11122264,1926,1727.0000000000002
East Madhya Pradesh,23.93761358,81.11122264,1927,1235.9
East Madhya Pradesh,23.93761358,81.11122264,1928,1107.0
East Madhya Pradesh,23.93761358,81.11122264,1929,1247.5000000000002
East Madhya Pradesh,23.93761358,81.11122264,1930,1203.9
East Madhya Pradesh,23.93761358,81.11122264,1931,1342.2
East Madhya Pradesh,23.93761358,81.11122264,1932,1151.1
East Madhya Pradesh,23.93761358,81.11122264,1933,1368.4000000000003
East Madhya Pradesh,23.93761358,81.11122264,1934,1473.1999999999994
East Madhya Pradesh,23.93761358,81.11122264,1935,1279.9000000000003
East Madhya Pradesh,23.93761358,81.11122264,1936,1504.1999999999994
East Madhya Pradesh,23.93761358,81.11122264,1937,1398.1
East Madhya Pradesh,23.93761358,81.11122264,1938,1373.6999999999996
East Madhya Pradesh,23.93761358,81.11122264,1939,1347.3
East Madhya Pradesh,23.93761358,81.11122264,1940,1192.8000000000004
East Madhya Pradesh,23.93761358,81.11122264,1941,828.1
East Madhya Pradesh,23.93761358,81.11122264,1942,1508.3
East Madhya Pradesh,23.93761358,81.11122264,1943,1382.4999999999998
East Madhya Pradesh,23.93761358,81.11122264,1944,1427.1
East Madhya Pradesh,23.93761358,81.11122264,1945,1286.2
East Madhya Pradesh,23.93761358,81.11122264,1946,1494.4999999999998
East Madhya Pradesh,23.93761358,81.11122264,1947,1419.6
East Madhya Pradesh,23.93761358,81.11122264,1948,1430.4999999999998
East Madhya Pradesh,23.93761358,81.11122264,1949,1235.4
East Madhya Pradesh,23.93761358,81.11122264,1950,1177.8999999999996
East Madhya Pradesh,23.93761358,81.11122264,1951,1175.4
East Madhya Pradesh,23.93761358,81.11122264,1952,1155.4
East Madhya Pradesh,23.93761358,81.11122264,1953,1007.0
East Madhya Pradesh,23.93761358,81.11122264,1954,1076.4999999999998
East Madhya Pradesh,23.93761358,81.11122264,1955,1420.9
East Madhya Pradesh,23.93761358,81.11122264,1956,1515.9
East Madhya Pradesh,23.93761358,81.11122264,1957,1000.8
East Madhya Pradesh,23.93761358,81.11122264,1958,1171.4999999999998
East Madhya Pradesh,23.93761358,81.11122264,1959,1302.2
East Madhya Pradesh,23.93761358,81.11122264,1960,1252.0
East Madhya Pradesh,23.93761358,81.11122264,1961,1598.7000000000005
East Madhya Pradesh,23.93761358,81.11122264,1962,1068.4
East Madhya Pradesh,23.93761358,81.11122264,1963,1120.2
East Madhya Pradesh,23.93761358,81.11122264,1964,1187.3000000000004
East Madhya Pradesh,23.93761358,81.11122264,1965,697.9000000000003
East Madhya Pradesh,23.93761358,81.11122264,1966,849.3
East Madhya Pradesh,23.93761358,81.11122264,1967,1407.8
East Madhya Pradesh,23.93761358,81.11122264,1968,973.7
East Madhya Pradesh,23.93761358,81.11122264,1969,1241.9
East Madhya Pradesh,23.93761358,81.11122264,1970,1342.2999999999995
East Madhya Pradesh,23.93761358,81.11122264,1971,1518.8000000000006
East Madhya Pradesh,23.93761358,81.11122264,1972,1038.2
East Madhya Pradesh,23.93761358,81.11122264,1973,1252.4
East Madhya Pradesh,23.93761358,81.11122264,1974,971.2
East Madhya Pradesh,23.93761358,81.11122264,1975,1434.3
East Madhya Pradesh,23.93761358,81.11122264,1976,1055.7
East Madhya Pradesh,23.93761358,81.11122264,1977,1372.2
East Madhya Pradesh,23.93761358,81.11122264,1978,1392.4999999999998
East Madhya Pradesh,23.93761358,81.11122264,1979,809.7
East Madhya Pradesh,23.93761358,81.11122264,1980,1369.1
East Madhya Pradesh,23.93761358,81.11122264,1981,1036.1
East Madhya Pradesh,23.93761358,81.11122264,1982,1297.2
East Madhya Pradesh,23.93761358,81.11122264,1983,1275.5
East Madhya Pradesh,23.93761358,81.11122264,1984,1110.7
East Madhya Pradesh,23.93761358,81.11122264,1985,1115.3000000000004
East Madhya Pradesh,23.93761358,81.11122264,1986,1029.2
East Madhya Pradesh,23.93761358,81.11122264,1987,1116.1
East Madhya Pradesh,23.93761358,81.11122264,1988,1069.5000000000002
East Madhya Pradesh,23.93761358,81.11122264,1989,921.0
East Madhya Pradesh,23.93761358,81.11122264,1990,1379.9
East Madhya Pradesh,23.93761358,81.11122264,1991,1016.8
East Madhya Pradesh,23.93761358,81.11122264,1992,1051.1
East Madhya Pradesh,23.93761358,81.11122264,1993,1118.8
East Madhya Pradesh,23.93761358,81.11122264,1994,1533.8
East Madhya Pradesh,23.93761358,81.11122264,1995,1032.3000000000004
East Madhya Pradesh,23.93761358,81.11122264,1996,986.7
East Madhya Pradesh,23.93761358,81.11122264,1997,1357.0
East Madhya Pradesh,23.93761358,81.11122264,1998,1013.4
East Madhya Pradesh,23.93761358,81.11122264,1999,1443.9
East Madhya Pradesh,23.93761358,81.11122264,2000,874.2999999999997
East Madhya Pradesh,23.93761358,81.11122264,2001,1170.1
East Madhya Pradesh,23.93761358,81.11122264,2002,950.0
East Madhya Pradesh,23.93761358,81.11122264,2003,1438.0
East Madhya Pradesh,23.93761358,81.11122264,2004,955.3
East Madhya Pradesh,23.93761358,81.11122264,2005,1366.4
East Madhya Pradesh,23.93761358,81.11122264,2006,943.3
East Madhya Pradesh,23.93761358,81.11122264,2007,653.7
East Madhya Pradesh,23.93761358,81.11122264,2008,1003.2
East Madhya Pradesh,23.93761358,81.11122264,2009,944.0
East Madhya Pradesh,23.93761358,81.11122264,2010,960.6
East Madhya Pradesh,23.93761358,81.11122264,2011,1275.1999999999996
East Madhya Pradesh,23.93761358,81.11122264,2012,1053.2
East Madhya Pradesh,23.93761358,81.11122264,2013,1521.9
East Madhya Pradesh,23.93761358,81.11122264,2014,925.0
East Madhya Pradesh,23.93761358,81.11122264,2015,939.2000000000004
East Madhya Pradesh,23.93761358,81.11122264,2016,1340.0
East Madhya Pradesh,23.93761358,81.11122264,2017,840.1
Gujarat Region,23.05998087,72.93097456,1901,554.3
Gujarat Region,23.05998087,72.93097456,1902,863.9999999999999
Gujarat Region,23.05998087,72.93097456,1903,887.6999999999997
Gujarat Region,23.05998087,72.93097456,1904,492.6
Gujarat Region,23.05998087,72.93097456,1905,811.4999999999999
Gujarat Region,23.05998087,72.93097456,1906,890.5
Gujarat Region,23.05998087,72.93097456,1907,996.9
Gujarat Region,23.05998087,72.93097456,1908,1027.5
Gujarat Region,23.05998087,72.93097456,1909,977.8000000000004
Gujarat Region,23.05998087,72.93097456,1910,974.6
Gujarat Region,23.05998087,72.93097456,1911,403.5
Gujarat Region,23.05998087,72.93097456,1912,1118.6
Gujarat Region,23.05998087,72.93097456,1913,1162.5999999999997
Gujarat Region,23.05998087,72.93097456,1914,1107.5000000000002
Gujarat Region,23.05998087,72.93097456,1915,567.3
Gujarat Region,23.05998087,72.93097456,1916,952.9
Gujarat Region,23.05998087,72.93097456,1917,1524.9
Gujarat Region,23.05998087,72.93097456,1918,392.7
Gujarat Region,23.05998087,72.93097456,1919,1067.4
Gujarat Region,23.05998087,72.93097456,1920,708.8000000000003
Gujarat Region,23.05998087,72.93097456,1921,1172.7
Gujarat Region,23.05998087,72.93097456,1922,878.6
Gujarat Region,23.05998087,72.93097456,1923,553.1999999999998
Gujarat Region,23.05998087,72.93097456,1924,909.6
Gujarat Region,23.05998087,72.93097456,1925,593.0000000000001
Gujarat Region,23.05998087,72.93097456,1926,1274.4
Gujarat Region,23.05998087,72.93097456,1927,1422.1
Gujarat Region,23.05998087,72.93097456,1928,821.0
Gujarat Region,23.05998087,72.93097456,1929,676.3000000000002
Gujarat Region,23.05998087,72.93097456,1930,894.5999999999997
Gujarat Region,23.05998087,72.93097456,1931,1104.5
Gujarat Region,23.05998087,72.93097456,1932,906.6
Gujarat Region,23.05998087,72.93097456,1933,1137.0
Gujarat Region,23.05998087,72.93097456,1934,979.5
Gujarat Region,23.05998087,72.93097456,1935,757.0
Gujarat Region,23.05998087,72.93097456,1936,609.2
Gujarat Region,23.05998087,72.93097456,1937,1203.0
Gujarat Region,23.05998087,72.93097456,1938,814.6999999999997
Gujarat Region,23.05998087,72.93097456,1939,605.6
Gujarat Region,23.05998087,72.93097456,1940,870.0
Gujarat Region,23.05998087,72.93097456,1941,961.7
Gujarat Region,23.05998087,72.93097456,1942,1186.6
Gujarat Region,23.05998087,72.93097456,1943,912.8
Gujarat Region,23.05998087,72.93097456,1944,1340.4
Gujarat Region,23.05998087,72.93097456,1945,1276.8
Gujarat Region,23.05998087,72.93097456,1946,1147.6
Gujarat Region,23.05998087,72.93097456,1947,783.3
Gujarat Region,23.05998087,72.93097456,1948,473.80000000000007
Gujarat Region,23.05998087,72.93097456,1949,800.4
Gujarat Region,23.05998087,72.93097456,1950,1129.3
Gujarat Region,23.05998087,72.93097456,1951,478.4
Gujarat Region,23.05998087,72.93097456,1952,776.3999999999999
Gujarat Region,23.05998087,72.93097456,1953,1055.4
Gujarat Region,23.05998087,72.93097456,1954,1247.9
Gujarat Region,23.05998087,72.93097456,1955,975.5
Gujarat Region,23.05998087,72.93097456,1956,1366.7000000000005
Gujarat Region,23.05998087,72.93097456,1957,647.8000000000002
Gujarat Region,23.05998087,72.93097456,1958,1123.3000000000004
Gujarat Region,23.05998087,72.93097456,1959,1560.6000000000006
Gujarat Region,23.05998087,72.93097456,1960,649.6
Gujarat Region,23.05998087,72.93097456,1961,945.0
Gujarat Region,23.05998087,72.93097456,1962,773.0
Gujarat Region,23.05998087,72.93097456,1963,997.7
Gujarat Region,23.05998087,72.93097456,1964,892.7
Gujarat Region,23.05998087,72.93097456,1965,656.8
Gujarat Region,23.05998087,72.93097456,1966,696.4999999999999
Gujarat Region,23.05998087,72.93097456,1967,938.6
Gujarat Region,23.05998087,72.93097456,1968,667.9
Gujarat Region,23.05998087,72.93097456,1969,788.9000000000003
Gujarat Region,23.05998087,72.93097456,1970,1353.9
Gujarat Region,23.05998087,72.93097456,1971,769.1999999999997
Gujarat Region,23.05998087,72.93097456,1972,503.7
Gujarat Region,23.05998087,72.93097456,1973,1159.6999999999996
Gujarat Region,23.05998087,72.93097456,1974,421.3
Gujarat Region,23.05998087,72.93097456,1975,1192.6
Gujarat Region,23.05998087,72.93097456,1976,1620.1
Gujarat Region,23.05998087,72.93097456,1977,1307.6
Gujarat Region,23.05998087,72.93097456,1978,935.8
Gujarat Region,23.05998087,72.93097456,1979,904.4
Gujarat Region,23.05998087,72.93097456,1980,822.1
Gujarat Region,23.05998087,72.93097456,1981,1114.2
Gujarat Region,23.05998087,72.93097456,1982,758.1999999999997
Gujarat Region,23.05998087,72.93097456,1983,1214.0
Gujarat Region,23.05998087,72.93097456,1984,853.7
Gujarat Region,23.05998087,72.93097456,1985,589.7
Gujarat Region,23.05998087,72.93097456,1986,501.9
Gujarat Region,23.05998087,72.93097456,1987,401.79999999999984
Gujarat Region,23.05998087,72.93097456,1988,1097.4
Gujarat Region,23.05998087,72.93097456,1989,822.9000000000003
Gujarat Region,23.05998087,72.93097456,1990,1118.3
Gujarat Region,23.05998087,72.93097456,1991,672.7
Gujarat Region,23.05998087,72.93097456,1992,901.0
Gujarat Region,23.05998087,72.93097456,1993,941.3
Gujarat Region,23.05998087,72.93097456,1994,1534.5
Gujarat Region,23.05998087,72.93097456,1995,684.1999999999998
Gujarat Region,23.05998087,72.93097456,1996,902.7
Gujarat Region,23.05998087,72.93097456,1997,1069.0
Gujarat Region,23.05998087,72.93097456,1998,1070.0
Gujarat Region,23.05998087,72.93097456,1999,568.6
Gujarat Region,23.05998087,72.93097456,2000,550.5000000000001
Gujarat Region,23.05998087,72.93097456,2001,848.9999999999999
Gujarat Region,23.05998087,72.93097456,2002,637.2000000000003
Gujarat Region,23.05998087,72.93097456,2003,1160.2000000000005
Gujarat Region,23.05998087,72.93097456,2004,1005.8
Gujarat Region,23.05998087,72.93097456,2005,1316.3
Gujarat Region,23.05998087,72.93097456,2006,1478.0
Gujarat Region,23.05998087,72.93097456,2007,1179.0
Gujarat Region,23.05998087,72.93097456,2008,911.1
Gujarat Region,23.05998087,72.93097456,2009,641.5
Gujarat Region,23.05998087,72.93097456,2010,1088.7
Gujarat Region,23.05998087,72.93097456,2011,890.3
Gujarat Region,23.05998087,72.93097456,2012,713.9
Gujarat Region,23.05998087,72.93097456,2013,1118.4
Gujarat Region,23.05998087,72.93097456,2014,705.6999999999997
Gujarat Region,23.05998087,72.93097456,2015,623.0
Gujarat Region,23.05998087,72.93097456,2016,764.6999999999997
Gujarat Region,23.05998087,72.93097456,2017,1024.4
Saurashtra & Kutch,23.18122776,70.56891413,1901,181.3
Saurashtra & Kutch,23.18122776,70.56891413,1902,401.0
Saurashtra & Kutch,23.18122776,70.56891413,1903,522.8
Saurashtra & Kutch,23.18122776,70.56891413,1904,185.7
Saurashtra & Kutch,23.18122776,70.56891413,1905,289.9
Saurashtra & Kutch,23.18122776,70.56891413,1906,540.4
Saurashtra & Kutch,23.18122776,70.56891413,1907,509.5
Saurashtra & Kutch,23.18122776,70.56891413,1908,527.9000000000002
Saurashtra & Kutch,23.18122776,70.56891413,1909,586.4
Saurashtra & Kutch,23.18122776,70.56891413,1910,549.8000000000002
Saurashtra & Kutch,23.18122776,70.56891413,1911,140.29999999999998
Saurashtra & Kutch,23.18122776,70.56891413,1912,652.6
Saurashtra & Kutch,23.18122776,70.56891413,1913,751.8000000000003
Saurashtra & Kutch,23.18122776,70.56891413,1914,577.3000000000002
Saurashtra & Kutch,23.18122776,70.56891413,1915,245.8
Saurashtra & Kutch,23.18122776,70.56891413,1916,495.9
Saurashtra & Kutch,23.18122776,70.56891413,1917,886.7
Saurashtra & Kutch,23.18122776,70.56891413,1918,117.7
Saurashtra & Kutch,23.18122776,70.56891413,1919,445.1
Saurashtra & Kutch,23.18122776,70.56891413,1920,490.0
Saurashtra & Kutch,23.18122776,70.56891413,1921,598.0000000000001
Saurashtra & Kutch,23.18122776,70.56891413,1922,334.7000000000001
Saurashtra & Kutch,23.18122776,70.56891413,1923,204.90000000000003
Saurashtra & Kutch,23.18122776,70.56891413,1924,310.6
Saurashtra & Kutch,23.18122776,70.56891413,1925,340.7000000000001
Saurashtra & Kutch,23.18122776,70.56891413,1926,901.5
Saurashtra & Kutch,23.18122776,70.56891413,1927,639.5
Saurashtra & Kutch,23.18122776,70.56891413,1928,426.9
Saurashtra & Kutch,23.18122776,70.56891413,1929,421.7
Saurashtra & Kutch,23.18122776,70.56891413,1930,450.2
Saurashtra & Kutch,23.18122776,70.56891413,1931,329.7000000000001
Saurashtra & Kutch,23.18122776,70.56891413,1932,492.4
Saurashtra & Kutch,23.18122776,70.56891413,1933,758.0000000000001
Saurashtra & Kutch,23.18122776,70.56891413,1934,398.3
Saurashtra & Kutch,23.18122776,70.56891413,1935,523.9999999999999
Saurashtra & Kutch,23.18122776,70.56891413,1936,371.1
Saurashtra & Kutch,23.18122776,70.56891413,1937,533.6
Saurashtra & Kutch,23.18122776,70.56891413,1938,345.9
Saurashtra & Kutch,23.18122776,70.56891413,1939,179.4
Saurashtra & Kutch,23.18122776,70.56891413,1940,356.6
Saurashtra & Kutch,23.18122776,70.56891413,1941,401.8
Saurashtra & Kutch,23.18122776,70.56891413,1942,342.2
Saurashtra & Kutch,23.18122776,70.56891413,1943,526.6
Saurashtra & Kutch,23.18122776,70.56891413,1944,717.5999999999997
Saurashtra & Kutch,23.18122776,70.56891413,1945,633.1
Saurashtra & Kutch,23.18122776,70.56891413,1946,473.3
Saurashtra & Kutch,23.18122776,70.56891413,1947,558.8
Saurashtra & Kutch,23.18122776,70.56891413,1948,247.6
Saurashtra & Kutch,23.18122776,70.56891413,1949,542.1999999999998
Saurashtra & Kutch,23.18122776,70.56891413,1950,473.6
Saurashtra & Kutch,23.18122776,70.56891413,1951,285.1
Saurashtra & Kutch,23.18122776,70.56891413,1952,400.9
Saurashtra & Kutch,23.18122776,70.56891413,1953,706.5
Saurashtra & Kutch,23.18122776,70.56891413,1954,599.8
Saurashtra & Kutch,23.18122776,70.56891413,1955,385.1
Saurashtra & Kutch,23.18122776,70.56891413,1956,738.9999999999999
Saurashtra & Kutch,23.18122776,70.56891413,1957,398.50000000000006
Saurashtra & Kutch,23.18122776,70.56891413,1958,551.7
Saurashtra & Kutch,23.18122776,70.56891413,1959,1020.9
Saurashtra & Kutch,23.18122776,70.56891413,1960,337.19999999999993
Saurashtra & Kutch,23.18122776,70.56891413,1961,753.0000000000001
Saurashtra & Kutch,23.18122776,70.56891413,1962,371.8
Saurashtra & Kutch,23.18122776,70.56891413,1963,379.1
Saurashtra & Kutch,23.18122776,70.56891413,1964,539.5
Saurashtra & Kutch,23.18122776,70.56891413,1965,421.19999999999993
Saurashtra & Kutch,23.18122776,70.56891413,1966,326.50000000000006
Saurashtra & Kutch,23.18122776,70.56891413,1967,738.4000000000003
Saurashtra & Kutch,23.18122776,70.56891413,1968,314.6
Saurashtra & Kutch,23.18122776,70.56891413,1969,290.0
Saurashtra & Kutch,23.18122776,70.56891413,1970,835.6
Saurashtra & Kutch,23.18122776,70.56891413,1971,513.7
Saurashtra & Kutch,23.18122776,70.56891413,1972,222.1
Saurashtra & Kutch,23.18122776,70.56891413,1973,390.3
Saurashtra & Kutch,23.18122776,70.56891413,1974,184.7
Saurashtra & Kutch,23.18122776,70.56891413,1975,682.0
Saurashtra & Kutch,23.18122776,70.56891413,1976,625.4999999999999
Saurashtra & Kutch,23.18122776,70.56891413,1977,564.0999999999998
Saurashtra & Kutch,23.18122776,70.56891413,1978,488.50000000000006
Saurashtra & Kutch,23.18122776,70.56891413,1979,955.5
Saurashtra & Kutch,23.18122776,70.56891413,1980,635.9
Saurashtra & Kutch,23.18122776,70.56891413,1981,705.0
Saurashtra & Kutch,23.18122776,70.56891413,1982,401.19999999999993
Saurashtra & Kutch,23.18122776,70.56891413,1983,758.5
Saurashtra & Kutch,23.18122776,70.56891413,1984,443.70000000000016
Saurashtra & Kutch,23.18122776,70.56891413,1985,298.8
Saurashtra & Kutch,23.18122776,70.56891413,1986,298.50000000000006
Saurashtra & Kutch,23.18122776,70.56891413,1987,92.5
Saurashtra & Kutch,23.18122776,70.56891413,1988,752.3
Saurashtra & Kutch,23.18122776,70.56891413,1989,498.10000000000014
Saurashtra & Kutch,23.18122776,70.56891413,1990,407.9
Saurashtra & Kutch,23.18122776,70.56891413,1991,218.80000000000004
Saurashtra & Kutch,23.18122776,70.56891413,1992,600.7
Saurashtra & Kutch,23.18122776,70.56891413,1993,312.6
Saurashtra & Kutch,23.18122776,70.56891413,1994,872.8000000000003
Saurashtra & Kutch,23.18122776,70.56891413,1995,374.1
Saurashtra & Kutch,23.18122776,70.56891413,1996,374.4
Saurashtra & Kutch,23.18122776,70.56891413,1997,600.1999999999998
Saurashtra & Kutch,23.18122776,70.56891413,1998,566.8000000000002
Saurashtra & Kutch,23.18122776,70.56891413,1999,380.8
Saurashtra & Kutch,23.18122776,70.56891413,2000,286.0
Saurashtra & Kutch,23.18122776,70.56891413,2001,510.20000000000016
Saurashtra & Kutch,23.18122776,70.56891413,2002,308.0
Saurashtra & Kutch,23.18122776,70.56891413,2003,686.2
Saurashtra & Kutch,23.18122776,70.56891413,2004,482.3
Saurashtra & Kutch,23.18122776,70.56891413,2005,631.5000000000001
Saurashtra & Kutch,23.18122776,70.56891413,2006,701.8
Saurashtra & Kutch,23.18122776,70.56891413,2007,890.8000000000003
Saurashtra & Kutch,23.18122776,70.56891413,2008,607.9000000000002
Saurashtra & Kutch,23.18122776,70.56891413,2009,596.8
Saurashtra & Kutch,23.18122776,70.56891413,2010,1119.9
Saurashtra & Kutch,23.18122776,70.56891413,2011,742.4000000000003
Saurashtra & Kutch,23.18122776,70.56891413,2012,323.7999999999999
Saurashtra & Kutch,23.18122776,70.56891413,2013,681.6
Saurashtra & Kutch,23.18122776,70.56891413,2014,383.9
Saurashtra & Kutch,23.18122776,70.56891413,2015,441.6
Saurashtra & Kutch,23.18122776,70.56891413,2016,483.0
Saurashtra & Kutch,23.18122776,70.56891413,2017,651.9999999999999
Konkan & Goa,15.30045,74.08551,1901,2792.8
Konkan & Goa,15.30045,74.08551,1902,2674.0
Konkan & Goa,15.30045,74.08551,1903,3084.2
Konkan & Goa,15.30045,74.08551,1904,2393.7000000000007
Konkan & Goa,15.30045,74.08551,1905,1682.9
Konkan & Goa,15.30045,74.08551,1906,2418.7999999999997
Konkan & Goa,15.30045,74.08551,1907,2766.5000000000005
Konkan & Goa,15.30045,74.08551,1908,2735.4999999999995
Konkan & Goa,15.30045,74.08551,1909,2860.5
Konkan & Goa,15.30045,74.08551,1910,2544.0
Konkan & Goa,15.30045,74.08551,1911,2134.7
Konkan & Goa,15.30045,74.08551,1912,2793.200000000001
Konkan & Goa,15.30045,74.08551,1913,2617.5
Konkan & Goa,15.30045,74.08551,1914,3464.6
Konkan & Goa,15.30045,74.08551,1915,2525.8
Konkan & Goa,15.30045,74.08551,1916,3402.5999999999995
Konkan & Goa,15.30045,74.08551,1917,3430.9
Konkan & Goa,15.30045,74.08551,1918,1867.2
Konkan & Goa,15.30045,74.08551,1919,2851.8
Konkan & Goa,15.30045,74.08551,1920,1924.0
Konkan & Goa,15.30045,74.08551,1921,2899.200000000001
Konkan & Goa,15.30045,74.08551,1922,2817.6
Konkan & Goa,15.30045,74.08551,1923,2770.4
Konkan & Goa,15.30045,74.08551,1924,2444.2000000000007
Konkan & Goa,15.30045,74.08551,1925,2305.2
Konkan & Goa,15.30045,74.08551,1926,3165.8
Konkan & Goa,15.30045,74.08551,1927,2747.0000000000005
Konkan & Goa,15.30045,74.08551,1928,3172.5
Konkan & Goa,15.30045,74.08551,1929,2509.3
Konkan & Goa,15.30045,74.08551,1930,2845.8
Konkan & Goa,15.30045,74.08551,1931,3999.3
Konkan & Goa,15.30045,74.08551,1932,2962.8999999999987
Konkan & Goa,15.30045,74.08551,1933,3343.4
Konkan & Goa,15.30045,74.08551,1934,3272.3
Konkan & Goa,15.30045,74.08551,1935,2542.6
Konkan & Goa,15.30045,74.08551,1936,2783.3
Konkan & Goa,15.30045,74.08551,1937,3191.9
Konkan & Goa,15.30045,74.08551,1938,3495.5
Konkan & Goa,15.30045,74.08551,1939,2758.6
Konkan & Goa,15.30045,74.08551,1940,3313.7
Konkan & Goa,15.30045,74.08551,1941,1889.7
Konkan & Goa,15.30045,74.08551,1942,3279.4
Konkan & Goa,15.30045,74.08551,1943,3251.200000000001
Konkan & Goa,15.30045,74.08551,1944,2952.2
Konkan & Goa,15.30045,74.08551,1945,3244.5
Konkan & Goa,15.30045,74.08551,1946,3359.0000000000005
Konkan & Goa,15.30045,74.08551,1947,3090.1000000000013
Konkan & Goa,15.30045,74.08551,1948,3119.5999999999995
Konkan & Goa,15.30045,74.08551,1949,3213.700000000001
Konkan & Goa,15.30045,74.08551,1950,2929.2
Konkan & Goa,15.30045,74.08551,1951,2849.3
Konkan & Goa,15.30045,74.08551,1952,2521.9
Konkan & Goa,15.30045,74.08551,1953,3327.7
Konkan & Goa,15.30045,74.08551,1954,3790.4
Konkan & Goa,15.30045,74.08551,1955,3897.4
Konkan & Goa,15.30045,74.08551,1956,3663.7
Konkan & Goa,15.30045,74.08551,1957,3123.5
Konkan & Goa,15.30045,74.08551,1958,4000.3
Konkan & Goa,15.30045,74.08551,1959,3588.6000000000013
Konkan & Goa,15.30045,74.08551,1960,3027.800000000001
Konkan & Goa,15.30045,74.08551,1961,3921.0
Konkan & Goa,15.30045,74.08551,1962,3485.200000000001
Konkan & Goa,15.30045,74.08551,1963,3606.8
Konkan & Goa,15.30045,74.08551,1964,3192.700000000001
Konkan & Goa,15.30045,74.08551,1965,3071.6
Konkan & Goa,15.30045,74.08551,1966,2427.6
Konkan & Goa,15.30045,74.08551,1967,2752.4
Konkan & Goa,15.30045,74.08551,1968,2359.3
Konkan & Goa,15.30045,74.08551,1969,3127.3
Konkan & Goa,15.30045,74.08551,1970,3596.5999999999995
Konkan & Goa,15.30045,74.08551,1971,2754.0
Konkan & Goa,15.30045,74.08551,1972,1873.0
Konkan & Goa,15.30045,74.08551,1973,2836.2
Konkan & Goa,15.30045,74.08551,1974,3086.7
Konkan & Goa,15.30045,74.08551,1975,3515.4999999999995
Konkan & Goa,15.30045,74.08551,1976,3062.9
Konkan & Goa,15.30045,74.08551,1977,3103.4
Konkan & Goa,15.30045,74.08551,1978,2885.5000000000005
Konkan & Goa,15.30045,74.08551,1979,2509.2000000000007
Konkan & Goa,15.30045,74.08551,1980,2724.2
Konkan & Goa,15.30045,74.08551,1981,3124.7
Konkan & Goa,15.30045,74.08551,1982,2698.8
Konkan & Goa,15.30045,74.08551,1983,3814.5
Konkan & Goa,15.30045,74.08551,1984,2583.8
Konkan & Goa,15.30045,74.08551,1985,2968.5
Konkan & Goa,15.30045,74.08551,1986,2127.6
Konkan & Goa,15.30045,74.08551,1987,2635.0000000000005
Konkan & Goa,15.30045,74.08551,1988,3293.0
Konkan & Goa,15.30045,74.08551,1989,2771.4
Konkan & Goa,15.30045,74.08551,1990,3568.0
Konkan & Goa,15.30045,74.08551,1991,2954.6000000000013
Konkan & Goa,15.30045,74.08551,1992,2840.4
Konkan & Goa,15.30045,74.08551,1993,3480.8
Konkan & Goa,15.30045,74.08551,1994,3179.8
Konkan & Goa,15.30045,74.08551,1995,2766.1
Konkan & Goa,15.30045,74.08551,1996,2920.8
Konkan & Goa,15.30045,74.08551,1997,3027.2
Konkan & Goa,15.30045,74.08551,1998,3234.6
Konkan & Goa,15.30045,74.08551,1999,2912.099999999999
Konkan & Goa,15.30045,74.08551,2000,3133.2
Konkan & Goa,15.30045,74.08551,2001,2395.4
Konkan & Goa,15.30045,74.08551,2002,2537.3
Konkan & Goa,15.30045,74.08551,2003,2842.2
Konkan & Goa,15.30045,74.08551,2004,2986.1
Konkan & Goa,15.30045,74.08551,2005,3615.800000000001
Konkan & Goa,15.30045,74.08551,2006,3482.200000000001
Konkan & Goa,15.30045,74.08551,2007,3468.3
Konkan & Goa,15.30045,74.08551,2008,3053.0
Konkan & Goa,15.30045,74.08551,2009,2716.600000000001
Konkan & Goa,15.30045,74.08551,2010,3778.1
Konkan & Goa,15.30045,74.08551,2011,3825.2
Konkan & Goa,15.30045,74.08551,2012,3018.4
Konkan & Goa,15.30045,74.08551,2013,3523.9
Konkan & Goa,15.30045,74.08551,2014,2757.7
Konkan & Goa,15.30045,74.08551,2015,2081.8
Konkan & Goa,15.30045,74.08551,2016,3663.9
Konkan & Goa,15.30045,74.08551,2017,3443.4
Madhya Maharashtra,19.14486043,74.77204737,1901,769.1000000000001
Madhya Maharashtra,19.14486043,74.77204737,1902,784.0
Madhya Maharashtra,19.14486043,74.77204737,1903,837.9000000000003
Madhya Maharashtra,19.14486043,74.77204737,1904,603.6
Madhya Maharashtra,19.14486043,74.77204737,1905,537.6999999999998
Madhya Maharashtra,19.14486043,74.77204737,1906,744.3
Madhya Maharashtra,19.14486043,74.77204737,1907,815.1000000000001
Madhya Maharashtra,19.14486043,74.77204737,1908,722.0
Madhya Maharashtra,19.14486043,74.77204737,1909,755.2
Madhya Maharashtra,19.14486043,74.77204737,1910,915.2
Madhya Maharashtra,19.14486043,74.77204737,1911,544.5
Madhya Maharashtra,19.14486043,74.77204737,1912,764.9000000000003
Madhya Maharashtra,19.14486043,74.77204737,1913,732.5
Madhya Maharashtra,19.14486043,74.77204737,1914,1038.9
Madhya Maharashtra,19.14486043,74.77204737,1915,907.9
Madhya Maharashtra,19.14486043,74.77204737,1916,1072.4999999999998
Madhya Maharashtra,19.14486043,74.77204737,1917,938.2
Madhya Maharashtra,19.14486043,74.77204737,1918,438.20000000000016
Madhya Maharashtra,19.14486043,74.77204737,1919,878.9
Madhya Maharashtra,19.14486043,74.77204737,1920,600.3
Madhya Maharashtra,19.14486043,74.77204737,1921,734.3000000000003
Madhya Maharashtra,19.14486043,74.77204737,1922,805.1
Madhya Maharashtra,19.14486043,74.77204737,1923,680.9
Madhya Maharashtra,19.14486043,74.77204737,1924,748.3000000000003
Madhya Maharashtra,19.14486043,74.77204737,1925,661.7
Madhya Maharashtra,19.14486043,74.77204737,1926,787.1999999999997
Madhya Maharashtra,19.14486043,74.77204737,1927,925.0
Madhya Maharashtra,19.14486043,74.77204737,1928,831.7
Madhya Maharashtra,19.14486043,74.77204737,1929,690.4
Madhya Maharashtra,19.14486043,74.77204737,1930,929.1
Madhya Maharashtra,19.14486043,74.77204737,1931,1132.3
Madhya Maharashtra,19.14486043,74.77204737,1932,1045.0
Madhya Maharashtra,19.14486043,74.77204737,1933,1152.4
Madhya Maharashtra,19.14486043,74.77204737,1934,858.4000000000003
Madhya Maharashtra,19.14486043,74.77204737,1935,819.0
Madhya Maharashtra,19.14486043,74.77204737,1936,735.4999999999999
Madhya Maharashtra,19.14486043,74.77204737,1937,914.4
Madhya Maharashtra,19.14486043,74.77204737,1938,1126.3
Madhya Maharashtra,19.14486043,74.77204737,1939,821.6999999999997
Madhya Maharashtra,19.14486043,74.77204737,1940,893.3000000000003
Madhya Maharashtra,19.14486043,74.77204737,1941,774.3
Madhya Maharashtra,19.14486043,74.77204737,1942,941.2
Madhya Maharashtra,19.14486043,74.77204737,1943,993.1
Madhya Maharashtra,19.14486043,74.77204737,1944,1086.0
Madhya Maharashtra,19.14486043,74.77204737,1945,793.3
Madhya Maharashtra,19.14486043,74.77204737,1946,1103.6
Madhya Maharashtra,19.14486043,74.77204737,1947,905.6
Madhya Maharashtra,19.14486043,74.77204737,1948,1016.2
Madhya Maharashtra,19.14486043,74.77204737,1949,953.5
Madhya Maharashtra,19.14486043,74.77204737,1950,932.5
Madhya Maharashtra,19.14486043,74.77204737,1951,796.7
Madhya Maharashtra,19.14486043,74.77204737,1952,683.4
Madhya Maharashtra,19.14486043,74.77204737,1953,893.6999999999997
Madhya Maharashtra,19.14486043,74.77204737,1954,985.0
Madhya Maharashtra,19.14486043,74.77204737,1955,981.1
Madhya Maharashtra,19.14486043,74.77204737,1956,1233.7999999999995
Madhya Maharashtra,19.14486043,74.77204737,1957,849.8
Madhya Maharashtra,19.14486043,74.77204737,1958,1054.1
Madhya Maharashtra,19.14486043,74.77204737,1959,1118.9
Madhya Maharashtra,19.14486043,74.77204737,1960,885.8999999999999
Madhya Maharashtra,19.14486043,74.77204737,1961,1070.6
Madhya Maharashtra,19.14486043,74.77204737,1962,898.9999999999999
Madhya Maharashtra,19.14486043,74.77204737,1963,899.9000000000003
Madhya Maharashtra,19.14486043,74.77204737,1964,945.6
Madhya Maharashtra,19.14486043,74.77204737,1965,790.6
Madhya Maharashtra,19.14486043,74.77204737,1966,837.5000000000001
Madhya Maharashtra,19.14486043,74.77204737,1967,913.2000000000004
Madhya Maharashtra,19.14486043,74.77204737,1968,824.0000000000001
Madhya Maharashtra,19.14486043,74.77204737,1969,984.2
Madhya Maharashtra,19.14486043,74.77204737,1970,941.2
Madhya Maharashtra,19.14486043,74.77204737,1971,773.3000000000003
Madhya Maharashtra,19.14486043,74.77204737,1972,519.9
Madhya Maharashtra,19.14486043,74.77204737,1973,980.6
Madhya Maharashtra,19.14486043,74.77204737,1974,911.8
Madhya Maharashtra,19.14486043,74.77204737,1975,1040.6999999999996
Madhya Maharashtra,19.14486043,74.77204737,1976,1025.9
Madhya Maharashtra,19.14486043,74.77204737,1977,947.1
Madhya Maharashtra,19.14486043,74.77204737,1978,883.7
Madhya Maharashtra,19.14486043,74.77204737,1979,1026.7
Madhya Maharashtra,19.14486043,74.77204737,1980,939.5
Madhya Maharashtra,19.14486043,74.77204737,1981,929.8
Madhya Maharashtra,19.14486043,74.77204737,1982,752.0
Madhya Maharashtra,19.14486043,74.77204737,1983,918.6
Madhya Maharashtra,19.14486043,74.77204737,1984,779.8000000000003
Madhya Maharashtra,19.14486043,74.77204737,1985,655.9999999999999
Madhya Maharashtra,19.14486043,74.77204737,1986,644.3
Madhya Maharashtra,19.14486043,74.77204737,1987,807.5
Madhya Maharashtra,19.14486043,74.77204737,1988,976.5
Madhya Maharashtra,19.14486043,74.77204737,1989,816.5
Madhya Maharashtra,19.14486043,74.77204737,1990,1022.5
Madhya Maharashtra,19.14486043,74.77204737,1991,880.7
Madhya Maharashtra,19.14486043,74.77204737,1992,791.1
Madhya Maharashtra,19.14486043,74.77204737,1993,1019.9
Madhya Maharashtra,19.14486043,74.77204737,1994,1021.6
Madhya Maharashtra,19.14486043,74.77204737,1995,776.4
Madhya Maharashtra,19.14486043,74.77204737,1996,975.2999999999996
Madhya Maharashtra,19.14486043,74.77204737,1997,1000.9
Madhya Maharashtra,19.14486043,74.77204737,1998,1101.1
Madhya Maharashtra,19.14486043,74.77204737,1999,965.8
Madhya Maharashtra,19.14486043,74.77204737,2000,701.5000000000001
Madhya Maharashtra,19.14486043,74.77204737,2001,784.9000000000003
Madhya Maharashtra,19.14486043,74.77204737,2002,740.1999999999997
Madhya Maharashtra,19.14486043,74.77204737,2003,772.5000000000001
Madhya Maharashtra,19.14486043,74.77204737,2004,1029.5
Madhya Maharashtra,19.14486043,74.77204737,2005,1221.4
Madhya Maharashtra,19.14486043,74.77204737,2006,1395.6
Madhya Maharashtra,19.14486043,74.77204737,2007,1040.4000000000003
Madhya Maharashtra,19.14486043,74.77204737,2008,916.8
Madhya Maharashtra,19.14486043,74.77204737,2009,941.9
Madhya Maharashtra,19.14486043,74.77204737,2010,1027.6
Madhya Maharashtra,19.14486043,74.77204737,2011,852.4999999999999
Madhya Maharashtra,19.14486043,74.77204737,2012,690.0000000000001
Madhya Maharashtra,19.14486043,74.77204737,2013,962.5
Madhya Maharashtra,19.14486043,74.77204737,2014,838.0
Madhya Maharashtra,19.14486043,74.77204737,2015,644.5
Madhya Maharashtra,19.14486043,74.77204737,2016,906.2
Madhya Maharashtra,19.14486043,74.77204737,2017,994.3
Matathwada,19.1033404,77.24397107,1901,908.8
Matathwada,19.1033404,77.24397107,1902,744.0999999999997
Matathwada,19.1033404,77.24397107,1903,1032.7
Matathwada,19.1033404,77.24397107,1904,690.6000000000001
Matathwada,19.1033404,77.24397107,1905,505.8
Matathwada,19.1033404,77.24397107,1906,770.6999999999997
Matathwada,19.1033404,77.24397107,1907,557.9000000000002
Matathwada,19.1033404,77.24397107,1908,682.5
Matathwada,19.1033404,77.24397107,1909,892.8
Matathwada,19.1033404,77.24397107,1910,1134.1999999999996
Matathwada,19.1033404,77.24397107,1911,612.4
Matathwada,19.1033404,77.24397107,1912,488.4
Matathwada,19.1033404,77.24397107,1913,656.7
Matathwada,19.1033404,77.24397107,1914,989.1
Matathwada,19.1033404,77.24397107,1915,1001.6
Matathwada,19.1033404,77.24397107,1916,1177.9
Matathwada,19.1033404,77.24397107,1917,1168.2
Matathwada,19.1033404,77.24397107,1918,486.0
Matathwada,19.1033404,77.24397107,1919,662.8
Matathwada,19.1033404,77.24397107,1920,361.0
Matathwada,19.1033404,77.24397107,1921,562.4
Matathwada,19.1033404,77.24397107,1922,835.9
Matathwada,19.1033404,77.24397107,1923,764.9
Matathwada,19.1033404,77.24397107,1924,662.6999999999998
Matathwada,19.1033404,77.24397107,1925,604.9
Matathwada,19.1033404,77.24397107,1926,715.5
Matathwada,19.1033404,77.24397107,1927,744.5999999999997
Matathwada,19.1033404,77.24397107,1928,825.6
Matathwada,19.1033404,77.24397107,1929,609.4000000000002
Matathwada,19.1033404,77.24397107,1930,640.3
Matathwada,19.1033404,77.24397107,1931,1088.6999999999996
Matathwada,19.1033404,77.24397107,1932,844.2
Matathwada,19.1033404,77.24397107,1933,1122.9
Matathwada,19.1033404,77.24397107,1934,876.6
Matathwada,19.1033404,77.24397107,1935,922.0
Matathwada,19.1033404,77.24397107,1936,727.7
Matathwada,19.1033404,77.24397107,1937,738.3
Matathwada,19.1033404,77.24397107,1938,1072.7
Matathwada,19.1033404,77.24397107,1939,580.1999999999998
Matathwada,19.1033404,77.24397107,1940,855.6
Matathwada,19.1033404,77.24397107,1941,540.9
Matathwada,19.1033404,77.24397107,1942,1003.0
Matathwada,19.1033404,77.24397107,1943,852.4
Matathwada,19.1033404,77.24397107,1944,758.9000000000003
Matathwada,19.1033404,77.24397107,1945,622.1999999999998
Matathwada,19.1033404,77.24397107,1946,848.7
Matathwada,19.1033404,77.24397107,1947,855.0000000000001
Matathwada,19.1033404,77.24397107,1948,946.4
Matathwada,19.1033404,77.24397107,1949,914.2
Matathwada,19.1033404,77.24397107,1950,657.5
Matathwada,19.1033404,77.24397107,1951,731.3999999999999
Matathwada,19.1033404,77.24397107,1952,545.9999999999999
Matathwada,19.1033404,77.24397107,1953,891.2
Matathwada,19.1033404,77.24397107,1954,899.7
Matathwada,19.1033404,77.24397107,1955,1151.3
Matathwada,19.1033404,77.24397107,1956,1037.3
Matathwada,19.1033404,77.24397107,1957,900.6000000000001
Matathwada,19.1033404,77.24397107,1958,1024.4
Matathwada,19.1033404,77.24397107,1959,950.3
Matathwada,19.1033404,77.24397107,1960,738.3000000000003
Matathwada,19.1033404,77.24397107,1961,959.0
Matathwada,19.1033404,77.24397107,1962,945.7
Matathwada,19.1033404,77.24397107,1963,1001.1
Matathwada,19.1033404,77.24397107,1964,780.5999999999997
Matathwada,19.1033404,77.24397107,1965,631.3
Matathwada,19.1033404,77.24397107,1966,747.1999999999997
Matathwada,19.1033404,77.24397107,1967,759.8
Matathwada,19.1033404,77.24397107,1968,712.3
Matathwada,19.1033404,77.24397107,1969,824.6
Matathwada,19.1033404,77.24397107,1970,910.8
Matathwada,19.1033404,77.24397107,1971,607.9
Matathwada,19.1033404,77.24397107,1972,347.1
Matathwada,19.1033404,77.24397107,1973,871.3
Matathwada,19.1033404,77.24397107,1974,650.5
Matathwada,19.1033404,77.24397107,1975,1050.8
Matathwada,19.1033404,77.24397107,1976,622.9999999999999
Matathwada,19.1033404,77.24397107,1977,767.8
Matathwada,19.1033404,77.24397107,1978,784.8000000000003
Matathwada,19.1033404,77.24397107,1979,807.4
Matathwada,19.1033404,77.24397107,1980,812.8000000000003
Matathwada,19.1033404,77.24397107,1981,786.7
Matathwada,19.1033404,77.24397107,1982,636.5000000000001
Matathwada,19.1033404,77.24397107,1983,1187.7
Matathwada,19.1033404,77.24397107,1984,552.8
Matathwada,19.1033404,77.24397107,1985,575.5
Matathwada,19.1033404,77.24397107,1986,562.9000000000002
Matathwada,19.1033404,77.24397107,1987,786.1999999999997
Matathwada,19.1033404,77.24397107,1988,1169.9
Matathwada,19.1033404,77.24397107,1989,1068.4
Matathwada,19.1033404,77.24397107,1990,1198.1
Matathwada,19.1033404,77.24397107,1991,601.0
Matathwada,19.1033404,77.24397107,1992,726.6
Matathwada,19.1033404,77.24397107,1993,806.4
Matathwada,19.1033404,77.24397107,1994,583.5999999999998
Matathwada,19.1033404,77.24397107,1995,809.5
Matathwada,19.1033404,77.24397107,1996,854.9
Matathwada,19.1033404,77.24397107,1997,790.3999999999999
Matathwada,19.1033404,77.24397107,1998,1126.6999999999996
Matathwada,19.1033404,77.24397107,1999,767.5
Matathwada,19.1033404,77.24397107,2000,684.5
Matathwada,19.1033404,77.24397107,2001,732.4
Matathwada,19.1033404,77.24397107,2002,722.0999999999997
Matathwada,19.1033404,77.24397107,2003,720.0
Matathwada,19.1033404,77.24397107,2004,678.6
Matathwada,19.1033404,77.24397107,2005,940.5
Matathwada,19.1033404,77.24397107,2006,872.9000000000003
Matathwada,19.1033404,77.24397107,2007,714.6
Matathwada,19.1033404,77.24397107,2008,646.3
Matathwada,19.1033404,77.24397107,2009,668.8999999999999
Matathwada,19.1033404,77.24397107,2010,1011.7
Matathwada,19.1033404,77.24397107,2011,663.6999999999998
Matathwada,19.1033404,77.24397107,2012,526.6999999999998
Matathwada,19.1033404,77.24397107,2013,887.9
Matathwada,19.1033404,77.24397107,2014,548.9
Matathwada,19.1033404,77.24397107,2015,532.0999999999998
Matathwada,19.1033404,77.24397107,2016,949.1
Matathwada,19.1033404,77.24397107,2017,755.6
Vidarbha,20.85850732,79.27644168,1901,1093.4
Vidarbha,20.85850732,79.27644168,1902,749.0000000000001
Vidarbha,20.85850732,79.27644168,1903,1229.4
Vidarbha,20.85850732,79.27644168,1904,753.1
Vidarbha,20.85850732,79.27644168,1905,941.9
Vidarbha,20.85850732,79.27644168,1906,1191.3
Vidarbha,20.85850732,79.27644168,1907,1010.7000000000004
Vidarbha,20.85850732,79.27644168,1908,1243.5000000000002
Vidarbha,20.85850732,79.27644168,1909,1061.8
Vidarbha,20.85850732,79.27644168,1910,1294.1
Vidarbha,20.85850732,79.27644168,1911,982.7
Vidarbha,20.85850732,79.27644168,1912,1014.0
Vidarbha,20.85850732,79.27644168,1913,1052.6
Vidarbha,20.85850732,79.27644168,1914,1199.0
Vidarbha,20.85850732,79.27644168,1915,1199.7
Vidarbha,20.85850732,79.27644168,1916,1362.2
Vidarbha,20.85850732,79.27644168,1917,1396.8000000000006
Vidarbha,20.85850732,79.27644168,1918,801.5
Vidarbha,20.85850732,79.27644168,1919,1212.5999999999997
Vidarbha,20.85850732,79.27644168,1920,578.3
Vidarbha,20.85850732,79.27644168,1921,1085.7
Vidarbha,20.85850732,79.27644168,1922,1109.9
Vidarbha,20.85850732,79.27644168,1923,941.3
Vidarbha,20.85850732,79.27644168,1924,994.2000000000004
Vidarbha,20.85850732,79.27644168,1925,941.1999999999996
Vidarbha,20.85850732,79.27644168,1926,1071.3
Vidarbha,20.85850732,79.27644168,1927,1167.4
Vidarbha,20.85850732,79.27644168,1928,1017.3
Vidarbha,20.85850732,79.27644168,1929,912.5
Vidarbha,20.85850732,79.27644168,1930,983.0999999999996
Vidarbha,20.85850732,79.27644168,1931,1404.1
Vidarbha,20.85850732,79.27644168,1932,1130.6
Vidarbha,20.85850732,79.27644168,1933,1502.2
Vidarbha,20.85850732,79.27644168,1934,1218.2999999999995
Vidarbha,20.85850732,79.27644168,1935,1158.0000000000002
Vidarbha,20.85850732,79.27644168,1936,1451.0
Vidarbha,20.85850732,79.27644168,1937,1319.2000000000005
Vidarbha,20.85850732,79.27644168,1938,1460.9
Vidarbha,20.85850732,79.27644168,1939,881.8
Vidarbha,20.85850732,79.27644168,1940,1357.5
Vidarbha,20.85850732,79.27644168,1941,828.9999999999999
Vidarbha,20.85850732,79.27644168,1942,1341.6
Vidarbha,20.85850732,79.27644168,1943,1018.2
Vidarbha,20.85850732,79.27644168,1944,1367.7
Vidarbha,20.85850732,79.27644168,1945,1199.5999999999997
Vidarbha,20.85850732,79.27644168,1946,1172.9999999999998
Vidarbha,20.85850732,79.27644168,1947,1168.2
Vidarbha,20.85850732,79.27644168,1948,1182.7
Vidarbha,20.85850732,79.27644168,1949,1398.3
Vidarbha,20.85850732,79.27644168,1950,793.6999999999997
Vidarbha,20.85850732,79.27644168,1951,1082.2
Vidarbha,20.85850732,79.27644168,1952,807.8000000000003
Vidarbha,20.85850732,79.27644168,1953,1137.8
Vidarbha,20.85850732,79.27644168,1954,1100.4
Vidarbha,20.85850732,79.27644168,1955,1368.6999999999996
Vidarbha,20.85850732,79.27644168,1956,1124.6
Vidarbha,20.85850732,79.27644168,1957,1071.0
Vidarbha,20.85850732,79.27644168,1958,1172.1
Vidarbha,20.85850732,79.27644168,1959,1606.2999999999995
Vidarbha,20.85850732,79.27644168,1960,1065.1
Vidarbha,20.85850732,79.27644168,1961,1440.7
Vidarbha,20.85850732,79.27644168,1962,1152.6
Vidarbha,20.85850732,79.27644168,1963,1147.7
Vidarbha,20.85850732,79.27644168,1964,1010.7999999999996
Vidarbha,20.85850732,79.27644168,1965,743.6
Vidarbha,20.85850732,79.27644168,1966,1002.8
Vidarbha,20.85850732,79.27644168,1967,1128.2
Vidarbha,20.85850732,79.27644168,1968,922.9
Vidarbha,20.85850732,79.27644168,1969,992.9
Vidarbha,20.85850732,79.27644168,1970,1240.5
Vidarbha,20.85850732,79.27644168,1971,882.3
Vidarbha,20.85850732,79.27644168,1972,740.9000000000003
Vidarbha,20.85850732,79.27644168,1973,1162.5
Vidarbha,20.85850732,79.27644168,1974,840.8000000000003
Vidarbha,20.85850732,79.27644168,1975,1324.0
Vidarbha,20.85850732,79.27644168,1976,974.8
Vidarbha,20.85850732,79.27644168,1977,1068.0
Vidarbha,20.85850732,79.27644168,1978,1249.4
Vidarbha,20.85850732,79.27644168,1979,1087.3
Vidarbha,20.85850732,79.27644168,1980,1042.4999999999998
Vidarbha,20.85850732,79.27644168,1981,1218.6
Vidarbha,20.85850732,79.27644168,1982,856.1
Vidarbha,20.85850732,79.27644168,1983,1240.5
Vidarbha,20.85850732,79.27644168,1984,810.6000000000001
Vidarbha,20.85850732,79.27644168,1985,876.9
Vidarbha,20.85850732,79.27644168,1986,1157.1
Vidarbha,20.85850732,79.27644168,1987,822.6
Vidarbha,20.85850732,79.27644168,1988,1308.6
Vidarbha,20.85850732,79.27644168,1989,997.8
Vidarbha,20.85850732,79.27644168,1990,1504.7999999999995
Vidarbha,20.85850732,79.27644168,1991,838.7
Vidarbha,20.85850732,79.27644168,1992,1148.8000000000004
Vidarbha,20.85850732,79.27644168,1993,1023.1
Vidarbha,20.85850732,79.27644168,1994,1427.1
Vidarbha,20.85850732,79.27644168,1995,1077.4999999999998
Vidarbha,20.85850732,79.27644168,1996,854.9
Vidarbha,20.85850732,79.27644168,1997,1039.3
Vidarbha,20.85850732,79.27644168,1998,1061.8
Vidarbha,20.85850732,79.27644168,1999,1165.0
Vidarbha,20.85850732,79.27644168,2000,1105.2
Vidarbha,20.85850732,79.27644168,2001,1122.1
Vidarbha,20.85850732,79.27644168,2002,926.1
Vidarbha,20.85850732,79.27644168,2003,1018.5
Vidarbha,20.85850732,79.27644168,2004,731.9
Vidarbha,20.85850732,79.27644168,2005,1214.6
Vidarbha,20.85850732,79.27644168,2006,1215.5
Vidarbha,20.85850732,79.27644168,2007,1167.0
Vidarbha,20.85850732,79.27644168,2008,866.6
Vidarbha,20.85850732,79.27644168,2009,770.8
Vidarbha,20.85850732,79.27644168,2010,1338.1
Vidarbha,20.85850732,79.27644168,2011,893.1000000000001
Vidarbha,20.85850732,79.27644168,2012,1107.8000000000004
Vidarbha,20.85850732,79.27644168,2013,1520.2
Vidarbha,20.85850732,79.27644168,2014,919.0
Vidarbha,20.85850732,79.27644168,2015,993.6
Vidarbha,20.85850732,79.27644168,2016,1163.8
Vidarbha,20.85850732,79.27644168,2017,803.0
Chhattisgarh,21.66374,81.84064000000002,1901,1386.9
Chhattisgarh,21.66374,81.84064000000002,1902,923.9000000000004
Chhattisgarh,21.66374,81.84064000000002,1903,1331.1
Chhattisgarh,21.66374,81.84064000000002,1904,1492.4
Chhattisgarh,21.66374,81.84064000000002,1905,1250.9
Chhattisgarh,21.66374,81.84064000000002,1906,1394.6
Chhattisgarh,21.66374,81.84064000000002,1907,1308.7999999999995
Chhattisgarh,21.66374,81.84064000000002,1908,1488.8
Chhattisgarh,21.66374,81.84064000000002,1909,1284.1
Chhattisgarh,21.66374,81.84064000000002,1910,1407.3
Chhattisgarh,21.66374,81.84064000000002,1911,1504.2999999999995
Chhattisgarh,21.66374,81.84064000000002,1912,1226.9
Chhattisgarh,21.66374,81.84064000000002,1913,1234.7000000000005
Chhattisgarh,21.66374,81.84064000000002,1914,1418.0
Chhattisgarh,21.66374,81.84064000000002,1915,1455.9
Chhattisgarh,21.66374,81.84064000000002,1916,1443.1
Chhattisgarh,21.66374,81.84064000000002,1917,1727.6999999999994
Chhattisgarh,21.66374,81.84064000000002,1918,1377.3
Chhattisgarh,21.66374,81.84064000000002,1919,1859.0
Chhattisgarh,21.66374,81.84064000000002,1920,1203.4
Chhattisgarh,21.66374,81.84064000000002,1921,1319.2
Chhattisgarh,21.66374,81.84064000000002,1922,1308.8
Chhattisgarh,21.66374,81.84064000000002,1923,1387.2000000000005
Chhattisgarh,21.66374,81.84064000000002,1924,1334.3
Chhattisgarh,21.66374,81.84064000000002,1925,1736.9999999999998
Chhattisgarh,21.66374,81.84064000000002,1926,1634.8000000000006
Chhattisgarh,21.66374,81.84064000000002,1927,1537.2
Chhattisgarh,21.66374,81.84064000000002,1928,1219.1
Chhattisgarh,21.66374,81.84064000000002,1929,1663.8000000000006
Chhattisgarh,21.66374,81.84064000000002,1930,1383.6
Chhattisgarh,21.66374,81.84064000000002,1931,1466.9
Chhattisgarh,21.66374,81.84064000000002,1932,1357.4
Chhattisgarh,21.66374,81.84064000000002,1933,1650.8000000000006
Chhattisgarh,21.66374,81.84064000000002,1934,1529.0
Chhattisgarh,21.66374,81.84064000000002,1935,1269.1999999999996
Chhattisgarh,21.66374,81.84064000000002,1936,1826.2
Chhattisgarh,21.66374,81.84064000000002,1937,1616.6999999999994
Chhattisgarh,21.66374,81.84064000000002,1938,1505.8
Chhattisgarh,21.66374,81.84064000000002,1939,1480.4
Chhattisgarh,21.66374,81.84064000000002,1940,1448.5
Chhattisgarh,21.66374,81.84064000000002,1941,1005.1
Chhattisgarh,21.66374,81.84064000000002,1942,1598.1
Chhattisgarh,21.66374,81.84064000000002,1943,1644.9999999999998
Chhattisgarh,21.66374,81.84064000000002,1944,1792.6
Chhattisgarh,21.66374,81.84064000000002,1945,1585.500000000001
Chhattisgarh,21.66374,81.84064000000002,1946,1599.1
Chhattisgarh,21.66374,81.84064000000002,1947,1599.7
Chhattisgarh,21.66374,81.84064000000002,1948,1491.7000000000005
Chhattisgarh,21.66374,81.84064000000002,1949,1499.5
Chhattisgarh,21.66374,81.84064000000002,1950,1292.2
Chhattisgarh,21.66374,81.84064000000002,1951,1411.6
Chhattisgarh,21.66374,81.84064000000002,1952,1396.4
Chhattisgarh,21.66374,81.84064000000002,1953,1370.2
Chhattisgarh,21.66374,81.84064000000002,1954,1193.8000000000004
Chhattisgarh,21.66374,81.84064000000002,1955,1440.7
Chhattisgarh,21.66374,81.84064000000002,1956,1557.0
Chhattisgarh,21.66374,81.84064000000002,1957,1222.4
Chhattisgarh,21.66374,81.84064000000002,1958,1520.9
Chhattisgarh,21.66374,81.84064000000002,1959,1544.3
Chhattisgarh,21.66374,81.84064000000002,1960,1364.4000000000003
Chhattisgarh,21.66374,81.84064000000002,1961,1973.9
Chhattisgarh,21.66374,81.84064000000002,1962,1124.7
Chhattisgarh,21.66374,81.84064000000002,1963,1337.1
Chhattisgarh,21.66374,81.84064000000002,1964,1508.9
Chhattisgarh,21.66374,81.84064000000002,1965,941.5
Chhattisgarh,21.66374,81.84064000000002,1966,1087.0
Chhattisgarh,21.66374,81.84064000000002,1967,1472.4
Chhattisgarh,21.66374,81.84064000000002,1968,1168.0
Chhattisgarh,21.66374,81.84064000000002,1969,1172.5
Chhattisgarh,21.66374,81.84064000000002,1970,1501.5000000000002
Chhattisgarh,21.66374,81.84064000000002,1971,1533.8000000000006
Chhattisgarh,21.66374,81.84064000000002,1972,1199.0000000000002
Chhattisgarh,21.66374,81.84064000000002,1973,1467.3
Chhattisgarh,21.66374,81.84064000000002,1974,951.0999999999996
Chhattisgarh,21.66374,81.84064000000002,1975,1475.3000000000006
Chhattisgarh,21.66374,81.84064000000002,1976,1379.4
Chhattisgarh,21.66374,81.84064000000002,1977,1465.3000000000006
Chhattisgarh,21.66374,81.84064000000002,1978,1370.3000000000004
Chhattisgarh,21.66374,81.84064000000002,1979,904.6
Chhattisgarh,21.66374,81.84064000000002,1980,1495.4
Chhattisgarh,21.66374,81.84064000000002,1981,1216.4
Chhattisgarh,21.66374,81.84064000000002,1982,1197.3
Chhattisgarh,21.66374,81.84064000000002,1983,1372.1
Chhattisgarh,21.66374,81.84064000000002,1984,1254.7
Chhattisgarh,21.66374,81.84064000000002,1985,1237.5
Chhattisgarh,21.66374,81.84064000000002,1986,1368.6
Chhattisgarh,21.66374,81.84064000000002,1987,1142.8
Chhattisgarh,21.66374,81.84064000000002,1988,1206.3000000000004
Chhattisgarh,21.66374,81.84064000000002,1989,1187.2000000000005
Chhattisgarh,21.66374,81.84064000000002,1990,1643.9
Chhattisgarh,21.66374,81.84064000000002,1991,1220.9
Chhattisgarh,21.66374,81.84064000000002,1992,1156.6
Chhattisgarh,21.66374,81.84064000000002,1993,1205.4
Chhattisgarh,21.66374,81.84064000000002,1994,1754.6
Chhattisgarh,21.66374,81.84064000000002,1995,1280.7
Chhattisgarh,21.66374,81.84064000000002,1996,1187.1
Chhattisgarh,21.66374,81.84064000000002,1997,1317.2000000000005
Chhattisgarh,21.66374,81.84064000000002,1998,1332.6999999999996
Chhattisgarh,21.66374,81.84064000000002,1999,1322.7
Chhattisgarh,21.66374,81.84064000000002,2000,906.4
Chhattisgarh,21.66374,81.84064000000002,2001,1600.1
Chhattisgarh,21.66374,81.84064000000002,2002,990.4
Chhattisgarh,21.66374,81.84064000000002,2003,1694.2
Chhattisgarh,21.66374,81.84064000000002,2004,1144.7
Chhattisgarh,21.66374,81.84064000000002,2005,1287.3
Chhattisgarh,21.66374,81.84064000000002,2006,1317.8
Chhattisgarh,21.66374,81.84064000000002,2007,1281.2
Chhattisgarh,21.66374,81.84064000000002,2008,1108.6
Chhattisgarh,21.66374,81.84064000000002,2009,956.7
Chhattisgarh,21.66374,81.84064000000002,2010,1306.6
Chhattisgarh,21.66374,81.84064000000002,2011,1302.6
Chhattisgarh,21.66374,81.84064000000002,2012,1377.4
Chhattisgarh,21.66374,81.84064000000002,2013,1420.0000000000002
Chhattisgarh,21.66374,81.84064000000002,2014,1278.6
Chhattisgarh,21.66374,81.84064000000002,2015,1117.7
Chhattisgarh,21.66374,81.84064000000002,2016,1315.9
Chhattisgarh,21.66374,81.84064000000002,2017,1124.5
Coastal Andhra Pradesh,17.53819295,82.52010979,1901,993.7
Coastal Andhra Pradesh,17.53819295,82.52010979,1902,1063.5
Coastal Andhra Pradesh,17.53819295,82.52010979,1903,1316.1
Coastal Andhra Pradesh,17.53819295,82.52010979,1904,860.1
Coastal Andhra Pradesh,17.53819295,82.52010979,1905,795.0000000000001
Coastal Andhra Pradesh,17.53819295,82.52010979,1906,1021.4
Coastal Andhra Pradesh,17.53819295,82.52010979,1907,817.9000000000003
Coastal Andhra Pradesh,17.53819295,82.52010979,1908,842.1999999999997
Coastal Andhra Pradesh,17.53819295,82.52010979,1909,867.5
Coastal Andhra Pradesh,17.53819295,82.52010979,1910,1254.7
Coastal Andhra Pradesh,17.53819295,82.52010979,1911,819.4000000000003
Coastal Andhra Pradesh,17.53819295,82.52010979,1912,903.6
Coastal Andhra Pradesh,17.53819295,82.52010979,1913,840.9
Coastal Andhra Pradesh,17.53819295,82.52010979,1914,1013.1
Coastal Andhra Pradesh,17.53819295,82.52010979,1915,1347.3
Coastal Andhra Pradesh,17.53819295,82.52010979,1916,1351.2999999999995
Coastal Andhra Pradesh,17.53819295,82.52010979,1917,1289.6999999999996
Coastal Andhra Pradesh,17.53819295,82.52010979,1918,778.0
Coastal Andhra Pradesh,17.53819295,82.52010979,1919,1141.4
Coastal Andhra Pradesh,17.53819295,82.52010979,1920,723.4000000000003
Coastal Andhra Pradesh,17.53819295,82.52010979,1921,1015.2000000000004
Coastal Andhra Pradesh,17.53819295,82.52010979,1922,853.2
Coastal Andhra Pradesh,17.53819295,82.52010979,1923,1126.3
Coastal Andhra Pradesh,17.53819295,82.52010979,1924,1181.9
Coastal Andhra Pradesh,17.53819295,82.52010979,1925,1238.5
Coastal Andhra Pradesh,17.53819295,82.52010979,1926,870.7
Coastal Andhra Pradesh,17.53819295,82.52010979,1927,1052.9
Coastal Andhra Pradesh,17.53819295,82.52010979,1928,1101.4
Coastal Andhra Pradesh,17.53819295,82.52010979,1929,859.0999999999997
Coastal Andhra Pradesh,17.53819295,82.52010979,1930,1222.8000000000004
Coastal Andhra Pradesh,17.53819295,82.52010979,1931,1287.0
Coastal Andhra Pradesh,17.53819295,82.52010979,1932,971.6
Coastal Andhra Pradesh,17.53819295,82.52010979,1933,1087.3
Coastal Andhra Pradesh,17.53819295,82.52010979,1934,884.1000000000001
Coastal Andhra Pradesh,17.53819295,82.52010979,1935,751.2000000000003
Coastal Andhra Pradesh,17.53819295,82.52010979,1936,1328.6999999999996
Coastal Andhra Pradesh,17.53819295,82.52010979,1937,892.1
Coastal Andhra Pradesh,17.53819295,82.52010979,1938,1206.2000000000005
Coastal Andhra Pradesh,17.53819295,82.52010979,1939,1070.3
Coastal Andhra Pradesh,17.53819295,82.52010979,1940,1069.1
Coastal Andhra Pradesh,17.53819295,82.52010979,1941,1026.4
Coastal Andhra Pradesh,17.53819295,82.52010979,1942,879.8
Coastal Andhra Pradesh,17.53819295,82.52010979,1943,977.8
Coastal Andhra Pradesh,17.53819295,82.52010979,1944,1155.8
Coastal Andhra Pradesh,17.53819295,82.52010979,1945,991.6
Coastal Andhra Pradesh,17.53819295,82.52010979,1946,970.2999999999996
Coastal Andhra Pradesh,17.53819295,82.52010979,1947,1126.1
Coastal Andhra Pradesh,17.53819295,82.52010979,1948,1024.5
Coastal Andhra Pradesh,17.53819295,82.52010979,1949,1217.4
Coastal Andhra Pradesh,17.53819295,82.52010979,1950,986.0
Coastal Andhra Pradesh,17.53819295,82.52010979,1951,1096.2
Coastal Andhra Pradesh,17.53819295,82.52010979,1952,916.6
Coastal Andhra Pradesh,17.53819295,82.52010979,1953,990.0
Coastal Andhra Pradesh,17.53819295,82.52010979,1954,1153.5
Coastal Andhra Pradesh,17.53819295,82.52010979,1955,1379.0
Coastal Andhra Pradesh,17.53819295,82.52010979,1956,1408.6
Coastal Andhra Pradesh,17.53819295,82.52010979,1957,1017.7
Coastal Andhra Pradesh,17.53819295,82.52010979,1958,1605.4
Coastal Andhra Pradesh,17.53819295,82.52010979,1959,1120.7
Coastal Andhra Pradesh,17.53819295,82.52010979,1960,943.6999999999996
Coastal Andhra Pradesh,17.53819295,82.52010979,1961,1119.3
Coastal Andhra Pradesh,17.53819295,82.52010979,1962,1345.5
Coastal Andhra Pradesh,17.53819295,82.52010979,1963,1023.9000000000004
Coastal Andhra Pradesh,17.53819295,82.52010979,1964,1061.0
Coastal Andhra Pradesh,17.53819295,82.52010979,1965,754.3
Coastal Andhra Pradesh,17.53819295,82.52010979,1966,954.7
Coastal Andhra Pradesh,17.53819295,82.52010979,1967,843.1999999999997
Coastal Andhra Pradesh,17.53819295,82.52010979,1968,838.9999999999999
Coastal Andhra Pradesh,17.53819295,82.52010979,1969,1279.7
Coastal Andhra Pradesh,17.53819295,82.52010979,1970,1064.0
Coastal Andhra Pradesh,17.53819295,82.52010979,1971,1033.2
Coastal Andhra Pradesh,17.53819295,82.52010979,1972,1028.4
Coastal Andhra Pradesh,17.53819295,82.52010979,1973,859.0
Coastal Andhra Pradesh,17.53819295,82.52010979,1974,944.9
Coastal Andhra Pradesh,17.53819295,82.52010979,1975,1192.4
Coastal Andhra Pradesh,17.53819295,82.52010979,1976,1090.1
Coastal Andhra Pradesh,17.53819295,82.52010979,1977,1132.8
Coastal Andhra Pradesh,17.53819295,82.52010979,1978,1038.2
Coastal Andhra Pradesh,17.53819295,82.52010979,1979,934.2
Coastal Andhra Pradesh,17.53819295,82.52010979,1980,1014.8
Coastal Andhra Pradesh,17.53819295,82.52010979,1981,929.3
Coastal Andhra Pradesh,17.53819295,82.52010979,1982,888.5
Coastal Andhra Pradesh,17.53819295,82.52010979,1983,1195.9
Coastal Andhra Pradesh,17.53819295,82.52010979,1984,785.3
Coastal Andhra Pradesh,17.53819295,82.52010979,1985,967.6
Coastal Andhra Pradesh,17.53819295,82.52010979,1986,1009.9
Coastal Andhra Pradesh,17.53819295,82.52010979,1987,1079.8
Coastal Andhra Pradesh,17.53819295,82.52010979,1988,1164.9
Coastal Andhra Pradesh,17.53819295,82.52010979,1989,1030.1
Coastal Andhra Pradesh,17.53819295,82.52010979,1990,1611.3
Coastal Andhra Pradesh,17.53819295,82.52010979,1991,1122.2
Coastal Andhra Pradesh,17.53819295,82.52010979,1992,1000.9
Coastal Andhra Pradesh,17.53819295,82.52010979,1993,869.7
Coastal Andhra Pradesh,17.53819295,82.52010979,1994,1154.9
Coastal Andhra Pradesh,17.53819295,82.52010979,1995,1352.0
Coastal Andhra Pradesh,17.53819295,82.52010979,1996,1210.8000000000004
Coastal Andhra Pradesh,17.53819295,82.52010979,1997,971.9
Coastal Andhra Pradesh,17.53819295,82.52010979,1998,1310.6999999999996
Coastal Andhra Pradesh,17.53819295,82.52010979,1999,825.1999999999997
Coastal Andhra Pradesh,17.53819295,82.52010979,2000,992.3
Coastal Andhra Pradesh,17.53819295,82.52010979,2001,1009.5
Coastal Andhra Pradesh,17.53819295,82.52010979,2002,703.2
Coastal Andhra Pradesh,17.53819295,82.52010979,2003,1096.9999999999998
Coastal Andhra Pradesh,17.53819295,82.52010979,2004,873.8000000000003
Coastal Andhra Pradesh,17.53819295,82.52010979,2005,1221.6
Coastal Andhra Pradesh,17.53819295,82.52010979,2006,1159.6
Coastal Andhra Pradesh,17.53819295,82.52010979,2007,1099.4
Coastal Andhra Pradesh,17.53819295,82.52010979,2008,1107.5
Coastal Andhra Pradesh,17.53819295,82.52010979,2009,790.5
Coastal Andhra Pradesh,17.53819295,82.52010979,2010,1712.5000000000002
Coastal Andhra Pradesh,17.53819295,82.52010979,2011,861.8
Coastal Andhra Pradesh,17.53819295,82.52010979,2012,1318.3
Coastal Andhra Pradesh,17.53819295,82.52010979,2013,1120.4
Coastal Andhra Pradesh,17.53819295,82.52010979,2014,875.1000000000001
Coastal Andhra Pradesh,17.53819295,82.52010979,2015,1011.0
Coastal Andhra Pradesh,17.53819295,82.52010979,2016,909.0
Coastal Andhra Pradesh,17.53819295,82.52010979,2017,892.7
Telangana,17.84959,79.11516999999998,1901,827.7
Telangana,17.84959,79.11516999999998,1902,630.4000000000002
Telangana,17.84959,79.11516999999998,1903,1283.5
Telangana,17.84959,79.11516999999998,1904,526.7
Telangana,17.84959,79.11516999999998,1905,724.8000000000003
Telangana,17.84959,79.11516999999998,1906,855.2999999999997
Telangana,17.84959,79.11516999999998,1907,843.6
Telangana,17.84959,79.11516999999998,1908,982.8
Telangana,17.84959,79.11516999999998,1909,769.5000000000001
Telangana,17.84959,79.11516999999998,1910,975.7999999999996
Telangana,17.84959,79.11516999999998,1911,662.0
Telangana,17.84959,79.11516999999998,1912,743.8
Telangana,17.84959,79.11516999999998,1913,732.1000000000001
Telangana,17.84959,79.11516999999998,1914,1083.4
Telangana,17.84959,79.11516999999998,1915,1022.0
Telangana,17.84959,79.11516999999998,1916,1162.6999999999996
Telangana,17.84959,79.11516999999998,1917,1205.9
Telangana,17.84959,79.11516999999998,1918,554.8
Telangana,17.84959,79.11516999999998,1919,894.4999999999999
Telangana,17.84959,79.11516999999998,1920,436.8
Telangana,17.84959,79.11516999999998,1921,1003.4
Telangana,17.84959,79.11516999999998,1922,767.7
Telangana,17.84959,79.11516999999998,1923,786.3
Telangana,17.84959,79.11516999999998,1924,944.4
Telangana,17.84959,79.11516999999998,1925,1167.8999999999996
Telangana,17.84959,79.11516999999998,1926,763.5
Telangana,17.84959,79.11516999999998,1927,1005.6
Telangana,17.84959,79.11516999999998,1928,1006.3
Telangana,17.84959,79.11516999999998,1929,790.6999999999997
Telangana,17.84959,79.11516999999998,1930,835.9
Telangana,17.84959,79.11516999999998,1931,1183.0
Telangana,17.84959,79.11516999999998,1932,949.9
Telangana,17.84959,79.11516999999998,1933,1396.1
Telangana,17.84959,79.11516999999998,1934,928.0
Telangana,17.84959,79.11516999999998,1935,898.5000000000001
Telangana,17.84959,79.11516999999998,1936,1156.9
Telangana,17.84959,79.11516999999998,1937,866.0
Telangana,17.84959,79.11516999999998,1938,1175.4
Telangana,17.84959,79.11516999999998,1939,740.0999999999997
Telangana,17.84959,79.11516999999998,1940,1082.6
Telangana,17.84959,79.11516999999998,1941,594.4000000000002
Telangana,17.84959,79.11516999999998,1942,907.0
Telangana,17.84959,79.11516999999998,1943,899.4
Telangana,17.84959,79.11516999999998,1944,960.4
Telangana,17.84959,79.11516999999998,1945,1027.5
Telangana,17.84959,79.11516999999998,1946,822.9
Telangana,17.84959,79.11516999999998,1947,1005.5
Telangana,17.84959,79.11516999999998,1948,915.0
Telangana,17.84959,79.11516999999998,1949,1038.6
Telangana,17.84959,79.11516999999998,1950,761.4
Telangana,17.84959,79.11516999999998,1951,900.8
Telangana,17.84959,79.11516999999998,1952,729.7999999999997
Telangana,17.84959,79.11516999999998,1953,1272.0
Telangana,17.84959,79.11516999999998,1954,928.4
Telangana,17.84959,79.11516999999998,1955,1203.2
Telangana,17.84959,79.11516999999998,1956,1120.6
Telangana,17.84959,79.11516999999998,1957,983.2
Telangana,17.84959,79.11516999999998,1958,1113.8000000000004
Telangana,17.84959,79.11516999999998,1959,1224.1999999999996
Telangana,17.84959,79.11516999999998,1960,839.5
Telangana,17.84959,79.11516999999998,1961,1146.6
Telangana,17.84959,79.11516999999998,1962,1138.7
Telangana,17.84959,79.11516999999998,1963,1010.2
Telangana,17.84959,79.11516999999998,1964,887.5000000000001
Telangana,17.84959,79.11516999999998,1965,778.8000000000003
Telangana,17.84959,79.11516999999998,1966,971.0
Telangana,17.84959,79.11516999999998,1967,942.1
Telangana,17.84959,79.11516999999998,1968,748.5
Telangana,17.84959,79.11516999999998,1969,1047.1
Telangana,17.84959,79.11516999999998,1970,970.2
Telangana,17.84959,79.11516999999998,1971,729.1999999999997
Telangana,17.84959,79.11516999999998,1972,670.8
Telangana,17.84959,79.11516999999998,1973,1042.4
Telangana,17.84959,79.11516999999998,1974,830.1999999999997
Telangana,17.84959,79.11516999999998,1975,1215.7
Telangana,17.84959,79.11516999999998,1976,1035.7
Telangana,17.84959,79.11516999999998,1977,808.5000000000001
Telangana,17.84959,79.11516999999998,1978,1311.8
Telangana,17.84959,79.11516999999998,1979,791.7
Telangana,17.84959,79.11516999999998,1980,922.5
Telangana,17.84959,79.11516999999998,1981,1143.8
Telangana,17.84959,79.11516999999998,1982,933.2
Telangana,17.84959,79.11516999999998,1983,1497.4
Telangana,17.84959,79.11516999999998,1984,742.6
Telangana,17.84959,79.11516999999998,1985,785.8
Telangana,17.84959,79.11516999999998,1986,1007.3
Telangana,17.84959,79.11516999999998,1987,977.0
Telangana,17.84959,79.11516999999998,1988,1544.8
Telangana,17.84959,79.11516999999998,1989,1161.0000000000002
Telangana,17.84959,79.11516999999998,1990,1425.4999999999998
Telangana,17.84959,79.11516999999998,1991,848.9999999999999
Telangana,17.84959,79.11516999999998,1992,863.5000000000001
Telangana,17.84959,79.11516999999998,1993,885.6
Telangana,17.84959,79.11516999999998,1994,975.9
Telangana,17.84959,79.11516999999998,1995,1285.9
Telangana,17.84959,79.11516999999998,1996,986.8
Telangana,17.84959,79.11516999999998,1997,855.8999999999999
Telangana,17.84959,79.11516999999998,1998,1093.1
Telangana,17.84959,79.11516999999998,1999,863.6000000000001
Telangana,17.84959,79.11516999999998,2000,1077.9
Telangana,17.84959,79.11516999999998,2001,922.2
Telangana,17.84959,79.11516999999998,2002,765.3
Telangana,17.84959,79.11516999999998,2003,963.3
Telangana,17.84959,79.11516999999998,2004,667.1
Telangana,17.84959,79.11516999999998,2005,1163.0
Telangana,17.84959,79.11516999999998,2006,1052.9
Telangana,17.84959,79.11516999999998,2007,843.3
Telangana,17.84959,79.11516999999998,2008,1035.3
Telangana,17.84959,79.11516999999998,2009,666.2000000000003
Telangana,17.84959,79.11516999999998,2010,1276.5
Telangana,17.84959,79.11516999999998,2011,753.1
Telangana,17.84959,79.11516999999998,2012,1008.6
Telangana,17.84959,79.11516999999998,2013,1348.7000000000005
Telangana,17.84959,79.11516999999998,2014,746.4
Telangana,17.84959,79.11516999999998,2015,857.1999999999997
Telangana,17.84959,79.11516999999998,2016,1043.4
Telangana,17.84959,79.11516999999998,2017,815.6999999999997
Rayalseema,14.57183072,78.02670181,1901,714.0
Rayalseema,14.57183072,78.02670181,1902,818.3999999999999
Rayalseema,14.57183072,78.02670181,1903,1138.1999999999996
Rayalseema,14.57183072,78.02670181,1904,433.4
Rayalseema,14.57183072,78.02670181,1905,703.1999999999997
Rayalseema,14.57183072,78.02670181,1906,912.7
Rayalseema,14.57183072,78.02670181,1907,640.4
Rayalseema,14.57183072,78.02670181,1908,617.1999999999998
Rayalseema,14.57183072,78.02670181,1909,870.6999999999997
Rayalseema,14.57183072,78.02670181,1910,1001.2
Rayalseema,14.57183072,78.02670181,1911,590.6
Rayalseema,14.57183072,78.02670181,1912,745.5
Rayalseema,14.57183072,78.02670181,1913,616.3
Rayalseema,14.57183072,78.02670181,1914,678.3999999999999
Rayalseema,14.57183072,78.02670181,1915,923.0
Rayalseema,14.57183072,78.02670181,1916,1047.2
Rayalseema,14.57183072,78.02670181,1917,933.1
Rayalseema,14.57183072,78.02670181,1918,646.1
Rayalseema,14.57183072,78.02670181,1919,890.5000000000001
Rayalseema,14.57183072,78.02670181,1920,674.8
Rayalseema,14.57183072,78.02670181,1921,743.6000000000001
Rayalseema,14.57183072,78.02670181,1922,770.2
Rayalseema,14.57183072,78.02670181,1923,515.8000000000002
Rayalseema,14.57183072,78.02670181,1924,684.3
Rayalseema,14.57183072,78.02670181,1925,865.5
Rayalseema,14.57183072,78.02670181,1926,682.5000000000001
Rayalseema,14.57183072,78.02670181,1927,682.0
Rayalseema,14.57183072,78.02670181,1928,711.1999999999997
Rayalseema,14.57183072,78.02670181,1929,696.6999999999997
Rayalseema,14.57183072,78.02670181,1930,995.5
Rayalseema,14.57183072,78.02670181,1931,719.1
Rayalseema,14.57183072,78.02670181,1932,635.8000000000002
Rayalseema,14.57183072,78.02670181,1933,678.2
Rayalseema,14.57183072,78.02670181,1934,611.4
Rayalseema,14.57183072,78.02670181,1935,782.3
Rayalseema,14.57183072,78.02670181,1936,695.5999999999997
Rayalseema,14.57183072,78.02670181,1937,775.3999999999999
Rayalseema,14.57183072,78.02670181,1938,674.5
Rayalseema,14.57183072,78.02670181,1939,798.2
Rayalseema,14.57183072,78.02670181,1940,904.6
Rayalseema,14.57183072,78.02670181,1941,653.3000000000002
Rayalseema,14.57183072,78.02670181,1942,536.9
Rayalseema,14.57183072,78.02670181,1943,1036.7
Rayalseema,14.57183072,78.02670181,1944,917.6
Rayalseema,14.57183072,78.02670181,1945,604.0000000000001
Rayalseema,14.57183072,78.02670181,1946,953.7
Rayalseema,14.57183072,78.02670181,1947,624.4
Rayalseema,14.57183072,78.02670181,1948,608.7
Rayalseema,14.57183072,78.02670181,1949,826.6
Rayalseema,14.57183072,78.02670181,1950,510.8999999999999
Rayalseema,14.57183072,78.02670181,1951,538.4000000000002
Rayalseema,14.57183072,78.02670181,1952,701.4000000000003
Rayalseema,14.57183072,78.02670181,1953,795.6
Rayalseema,14.57183072,78.02670181,1954,785.2
Rayalseema,14.57183072,78.02670181,1955,816.3999999999999
Rayalseema,14.57183072,78.02670181,1956,930.8
Rayalseema,14.57183072,78.02670181,1957,571.8
Rayalseema,14.57183072,78.02670181,1958,808.2
Rayalseema,14.57183072,78.02670181,1959,635.6999999999998
Rayalseema,14.57183072,78.02670181,1960,744.2
Rayalseema,14.57183072,78.02670181,1961,651.4
Rayalseema,14.57183072,78.02670181,1962,816.1999999999997
Rayalseema,14.57183072,78.02670181,1963,709.0
Rayalseema,14.57183072,78.02670181,1964,791.5999999999997
Rayalseema,14.57183072,78.02670181,1965,596.1999999999998
Rayalseema,14.57183072,78.02670181,1966,904.1
Rayalseema,14.57183072,78.02670181,1967,737.8000000000003
Rayalseema,14.57183072,78.02670181,1968,623.9999999999999
Rayalseema,14.57183072,78.02670181,1969,842.3
Rayalseema,14.57183072,78.02670181,1970,776.4
Rayalseema,14.57183072,78.02670181,1971,621.1999999999998
Rayalseema,14.57183072,78.02670181,1972,826.0999999999997
Rayalseema,14.57183072,78.02670181,1973,689.4000000000003
Rayalseema,14.57183072,78.02670181,1974,728.3000000000003
Rayalseema,14.57183072,78.02670181,1975,1041.5
Rayalseema,14.57183072,78.02670181,1976,817.0000000000001
Rayalseema,14.57183072,78.02670181,1977,866.5
Rayalseema,14.57183072,78.02670181,1978,869.0999999999997
Rayalseema,14.57183072,78.02670181,1979,813.4999999999999
Rayalseema,14.57183072,78.02670181,1980,573.5999999999998
Rayalseema,14.57183072,78.02670181,1981,785.3
Rayalseema,14.57183072,78.02670181,1982,595.4
Rayalseema,14.57183072,78.02670181,1983,943.0
Rayalseema,14.57183072,78.02670181,1984,733.0
Rayalseema,14.57183072,78.02670181,1985,685.9
Rayalseema,14.57183072,78.02670181,1986,580.9
Rayalseema,14.57183072,78.02670181,1987,769.4
Rayalseema,14.57183072,78.02670181,1988,842.1999999999997
Rayalseema,14.57183072,78.02670181,1989,693.6000000000001
Rayalseema,14.57183072,78.02670181,1990,930.7
Rayalseema,14.57183072,78.02670181,1991,967.6
Rayalseema,14.57183072,78.02670181,1992,596.1
Rayalseema,14.57183072,78.02670181,1993,886.8999999999999
Rayalseema,14.57183072,78.02670181,1994,690.5
Rayalseema,14.57183072,78.02670181,1995,874.3
Rayalseema,14.57183072,78.02670181,1996,1277.6999999999996
Rayalseema,14.57183072,78.02670181,1997,835.0999999999997
Rayalseema,14.57183072,78.02670181,1998,947.9
Rayalseema,14.57183072,78.02670181,1999,537.1999999999998
Rayalseema,14.57183072,78.02670181,2000,871.3
Rayalseema,14.57183072,78.02670181,2001,924.6
Rayalseema,14.57183072,78.02670181,2002,615.3000000000002
Rayalseema,14.57183072,78.02670181,2003,725.4000000000003
Rayalseema,14.57183072,78.02670181,2004,741.7
Rayalseema,14.57183072,78.02670181,2005,1066.4
Rayalseema,14.57183072,78.02670181,2006,638.1
Rayalseema,14.57183072,78.02670181,2007,980.6
Rayalseema,14.57183072,78.02670181,2008,797.9
Rayalseema,14.57183072,78.02670181,2009,688.3
Rayalseema,14.57183072,78.02670181,2010,963.5
Rayalseema,14.57183072,78.02670181,2011,738.2
Rayalseema,14.57183072,78.02670181,2012,715.1
Rayalseema,14.57183072,78.02670181,2013,762.5999999999997
Rayalseema,14.57183072,78.02670181,2014,551.8999999999999
Rayalseema,14.57183072,78.02670181,2015,1047.1
Rayalseema,14.57183072,78.02670181,2016,555.4
Rayalseema,14.57183072,78.02670181,2017,834.5
Tamil Nadu,10.90943,78.36653000000003,1901,960.4
Tamil Nadu,10.90943,78.36653000000003,1902,1138.4
Tamil Nadu,10.90943,78.36653000000003,1903,1163.8
Tamil Nadu,10.90943,78.36653000000003,1904,663.3
Tamil Nadu,10.90943,78.36653000000003,1905,821.1000000000001
Tamil Nadu,10.90943,78.36653000000003,1906,990.1
Tamil Nadu,10.90943,78.36653000000003,1907,885.6
Tamil Nadu,10.90943,78.36653000000003,1908,765.0
Tamil Nadu,10.90943,78.36653000000003,1909,954.5
Tamil Nadu,10.90943,78.36653000000003,1910,943.6
Tamil Nadu,10.90943,78.36653000000003,1911,815.1
Tamil Nadu,10.90943,78.36653000000003,1912,904.1
Tamil Nadu,10.90943,78.36653000000003,1913,879.0000000000001
Tamil Nadu,10.90943,78.36653000000003,1914,953.3
Tamil Nadu,10.90943,78.36653000000003,1915,988.6
Tamil Nadu,10.90943,78.36653000000003,1916,897.5
Tamil Nadu,10.90943,78.36653000000003,1917,948.3
Tamil Nadu,10.90943,78.36653000000003,1918,871.8000000000003
Tamil Nadu,10.90943,78.36653000000003,1919,1028.6
Tamil Nadu,10.90943,78.36653000000003,1920,1154.3
Tamil Nadu,10.90943,78.36653000000003,1921,979.3
Tamil Nadu,10.90943,78.36653000000003,1922,1080.3
Tamil Nadu,10.90943,78.36653000000003,1923,834.1
Tamil Nadu,10.90943,78.36653000000003,1924,895.2
Tamil Nadu,10.90943,78.36653000000003,1925,1013.5
Tamil Nadu,10.90943,78.36653000000003,1926,815.7
Tamil Nadu,10.90943,78.36653000000003,1927,830.0
Tamil Nadu,10.90943,78.36653000000003,1928,970.9
Tamil Nadu,10.90943,78.36653000000003,1929,977.7
Tamil Nadu,10.90943,78.36653000000003,1930,1275.4
Tamil Nadu,10.90943,78.36653000000003,1931,1039.8
Tamil Nadu,10.90943,78.36653000000003,1932,1109.8
Tamil Nadu,10.90943,78.36653000000003,1933,1010.9
Tamil Nadu,10.90943,78.36653000000003,1934,839.6999999999997
Tamil Nadu,10.90943,78.36653000000003,1935,893.8
Tamil Nadu,10.90943,78.36653000000003,1936,944.5
Tamil Nadu,10.90943,78.36653000000003,1937,1020.0
Tamil Nadu,10.90943,78.36653000000003,1938,782.9999999999999
Tamil Nadu,10.90943,78.36653000000003,1939,1055.8
Tamil Nadu,10.90943,78.36653000000003,1940,1178.5000000000002
Tamil Nadu,10.90943,78.36653000000003,1941,1006.8
Tamil Nadu,10.90943,78.36653000000003,1942,847.3000000000003
Tamil Nadu,10.90943,78.36653000000003,1943,1187.4
Tamil Nadu,10.90943,78.36653000000003,1944,1227.6
Tamil Nadu,10.90943,78.36653000000003,1945,784.0
Tamil Nadu,10.90943,78.36653000000003,1946,1294.1
Tamil Nadu,10.90943,78.36653000000003,1947,939.4
Tamil Nadu,10.90943,78.36653000000003,1948,906.6
Tamil Nadu,10.90943,78.36653000000003,1949,840.4999999999999
Tamil Nadu,10.90943,78.36653000000003,1950,747.5
Tamil Nadu,10.90943,78.36653000000003,1951,854.9999999999999
Tamil Nadu,10.90943,78.36653000000003,1952,716.2
Tamil Nadu,10.90943,78.36653000000003,1953,968.0
Tamil Nadu,10.90943,78.36653000000003,1954,1016.3
Tamil Nadu,10.90943,78.36653000000003,1955,1060.6
Tamil Nadu,10.90943,78.36653000000003,1956,989.8
Tamil Nadu,10.90943,78.36653000000003,1957,867.0
Tamil Nadu,10.90943,78.36653000000003,1958,852.4999999999999
Tamil Nadu,10.90943,78.36653000000003,1959,894.3
Tamil Nadu,10.90943,78.36653000000003,1960,1013.8
Tamil Nadu,10.90943,78.36653000000003,1961,910.8
Tamil Nadu,10.90943,78.36653000000003,1962,941.6
Tamil Nadu,10.90943,78.36653000000003,1963,1072.6999999999996
Tamil Nadu,10.90943,78.36653000000003,1964,910.6
Tamil Nadu,10.90943,78.36653000000003,1965,921.7
Tamil Nadu,10.90943,78.36653000000003,1966,1166.9
Tamil Nadu,10.90943,78.36653000000003,1967,899.2
Tamil Nadu,10.90943,78.36653000000003,1968,789.4000000000003
Tamil Nadu,10.90943,78.36653000000003,1969,961.8
Tamil Nadu,10.90943,78.36653000000003,1970,942.0
Tamil Nadu,10.90943,78.36653000000003,1971,1047.6
Tamil Nadu,10.90943,78.36653000000003,1972,1093.3
Tamil Nadu,10.90943,78.36653000000003,1973,858.7
Tamil Nadu,10.90943,78.36653000000003,1974,652.8
Tamil Nadu,10.90943,78.36653000000003,1975,923.7
Tamil Nadu,10.90943,78.36653000000003,1976,859.0
Tamil Nadu,10.90943,78.36653000000003,1977,1246.0
Tamil Nadu,10.90943,78.36653000000003,1978,998.9
Tamil Nadu,10.90943,78.36653000000003,1979,1103.3
Tamil Nadu,10.90943,78.36653000000003,1980,709.2
Tamil Nadu,10.90943,78.36653000000003,1981,1046.0
Tamil Nadu,10.90943,78.36653000000003,1982,678.8000000000002
Tamil Nadu,10.90943,78.36653000000003,1983,1007.9
Tamil Nadu,10.90943,78.36653000000003,1984,1023.7
Tamil Nadu,10.90943,78.36653000000003,1985,1063.4
Tamil Nadu,10.90943,78.36653000000003,1986,953.0
Tamil Nadu,10.90943,78.36653000000003,1987,963.4
Tamil Nadu,10.90943,78.36653000000003,1988,837.1999999999997
Tamil Nadu,10.90943,78.36653000000003,1989,856.6999999999997
Tamil Nadu,10.90943,78.36653000000003,1990,903.2
Tamil Nadu,10.90943,78.36653000000003,1991,954.8
Tamil Nadu,10.90943,78.36653000000003,1992,918.8
Tamil Nadu,10.90943,78.36653000000003,1993,1082.3
Tamil Nadu,10.90943,78.36653000000003,1994,905.9
Tamil Nadu,10.90943,78.36653000000003,1995,843.4
Tamil Nadu,10.90943,78.36653000000003,1996,1069.3
Tamil Nadu,10.90943,78.36653000000003,1997,950.5
Tamil Nadu,10.90943,78.36653000000003,1998,1079.8
Tamil Nadu,10.90943,78.36653000000003,1999,922.6
Tamil Nadu,10.90943,78.36653000000003,2000,972.2
Tamil Nadu,10.90943,78.36653000000003,2001,483.50000000000006
Tamil Nadu,10.90943,78.36653000000003,2002,317.99999999999994
Tamil Nadu,10.90943,78.36653000000003,2003,348.5
Tamil Nadu,10.90943,78.36653000000003,2004,1037.6
Tamil Nadu,10.90943,78.36653000000003,2005,1365.4
Tamil Nadu,10.90943,78.36653000000003,2006,927.8
Tamil Nadu,10.90943,78.36653000000003,2007,1067.1
Tamil Nadu,10.90943,78.36653000000003,2008,1203.4
Tamil Nadu,10.90943,78.36653000000003,2009,928.5
Tamil Nadu,10.90943,78.36653000000003,2010,1095.3000000000004
Tamil Nadu,10.90943,78.36653000000003,2011,926.7
Tamil Nadu,10.90943,78.36653000000003,2012,636.2
Tamil Nadu,10.90943,78.36653000000003,2013,742.0
Tamil Nadu,10.90943,78.36653000000003,2014,913.0
Tamil Nadu,10.90943,78.36653000000003,2015,1204.6
Tamil Nadu,10.90943,78.36653000000003,2016,535.2
Tamil Nadu,10.90943,78.36653000000003,2017,973.0
Coastal Karnataka,13.8431045,74.6948562,1901,3056.8
Coastal Karnataka,13.8431045,74.6948562,1902,3699.2
Coastal Karnataka,13.8431045,74.6948562,1903,3317.4
Coastal Karnataka,13.8431045,74.6948562,1904,3141.1
Coastal Karnataka,13.8431045,74.6948562,1905,2652.4
Coastal Karnataka,13.8431045,74.6948562,1906,2836.0000000000005
Coastal Karnataka,13.8431045,74.6948562,1907,3535.2
Coastal Karnataka,13.8431045,74.6948562,1908,3655.500000000002
Coastal Karnataka,13.8431045,74.6948562,1909,3173.0000000000005
Coastal Karnataka,13.8431045,74.6948562,1910,3020.8
Coastal Karnataka,13.8431045,74.6948562,1911,2522.300000000001
Coastal Karnataka,13.8431045,74.6948562,1912,3396.1
Coastal Karnataka,13.8431045,74.6948562,1913,2836.2
Coastal Karnataka,13.8431045,74.6948562,1914,3872.8
Coastal Karnataka,13.8431045,74.6948562,1915,2648.9
Coastal Karnataka,13.8431045,74.6948562,1916,3467.8
Coastal Karnataka,13.8431045,74.6948562,1917,3424.0
Coastal Karnataka,13.8431045,74.6948562,1918,2510.9
Coastal Karnataka,13.8431045,74.6948562,1919,2918.1000000000013
Coastal Karnataka,13.8431045,74.6948562,1920,2789.200000000001
Coastal Karnataka,13.8431045,74.6948562,1921,3007.4
Coastal Karnataka,13.8431045,74.6948562,1922,3332.6000000000013
Coastal Karnataka,13.8431045,74.6948562,1923,3681.1
Coastal Karnataka,13.8431045,74.6948562,1924,3528.8
Coastal Karnataka,13.8431045,74.6948562,1925,3581.4
Coastal Karnataka,13.8431045,74.6948562,1926,2956.4
Coastal Karnataka,13.8431045,74.6948562,1927,3216.300000000001
Coastal Karnataka,13.8431045,74.6948562,1928,3339.6000000000013
Coastal Karnataka,13.8431045,74.6948562,1929,3663.4
Coastal Karnataka,13.8431045,74.6948562,1930,2912.7999999999997
Coastal Karnataka,13.8431045,74.6948562,1931,3842.5
Coastal Karnataka,13.8431045,74.6948562,1932,3423.4
Coastal Karnataka,13.8431045,74.6948562,1933,4139.4000000000015
Coastal Karnataka,13.8431045,74.6948562,1934,3011.7999999999997
Coastal Karnataka,13.8431045,74.6948562,1935,2886.1000000000013
Coastal Karnataka,13.8431045,74.6948562,1936,3324.7999999999997
Coastal Karnataka,13.8431045,74.6948562,1937,3314.2
Coastal Karnataka,13.8431045,74.6948562,1938,3150.9000000000005
Coastal Karnataka,13.8431045,74.6948562,1939,2744.2000000000007
Coastal Karnataka,13.8431045,74.6948562,1940,3724.000000000002
Coastal Karnataka,13.8431045,74.6948562,1941,2515.100000000001
Coastal Karnataka,13.8431045,74.6948562,1942,3502.800000000001
Coastal Karnataka,13.8431045,74.6948562,1943,3577.1
Coastal Karnataka,13.8431045,74.6948562,1944,2984.6
Coastal Karnataka,13.8431045,74.6948562,1945,3079.3999999999987
Coastal Karnataka,13.8431045,74.6948562,1946,4041.4
Coastal Karnataka,13.8431045,74.6948562,1947,3338.3
Coastal Karnataka,13.8431045,74.6948562,1948,3626.6
Coastal Karnataka,13.8431045,74.6948562,1949,3362.5000000000005
Coastal Karnataka,13.8431045,74.6948562,1950,3766.1
Coastal Karnataka,13.8431045,74.6948562,1951,3124.3
Coastal Karnataka,13.8431045,74.6948562,1952,2896.6
Coastal Karnataka,13.8431045,74.6948562,1953,3463.3
Coastal Karnataka,13.8431045,74.6948562,1954,3821.6
Coastal Karnataka,13.8431045,74.6948562,1955,3552.5
Coastal Karnataka,13.8431045,74.6948562,1956,3856.4
Coastal Karnataka,13.8431045,74.6948562,1957,3174.8
Coastal Karnataka,13.8431045,74.6948562,1958,3687.500000000002
Coastal Karnataka,13.8431045,74.6948562,1959,4330.9
Coastal Karnataka,13.8431045,74.6948562,1960,3504.3
Coastal Karnataka,13.8431045,74.6948562,1961,5553.900000000002
Coastal Karnataka,13.8431045,74.6948562,1962,4017.6
Coastal Karnataka,13.8431045,74.6948562,1963,3171.4999999999995
Coastal Karnataka,13.8431045,74.6948562,1964,3140.4
Coastal Karnataka,13.8431045,74.6948562,1965,2831.2
Coastal Karnataka,13.8431045,74.6948562,1966,2976.700000000001
Coastal Karnataka,13.8431045,74.6948562,1967,3181.700000000001
Coastal Karnataka,13.8431045,74.6948562,1968,3461.1000000000013
Coastal Karnataka,13.8431045,74.6948562,1969,3342.9
Coastal Karnataka,13.8431045,74.6948562,1970,4041.9
Coastal Karnataka,13.8431045,74.6948562,1971,3235.4
Coastal Karnataka,13.8431045,74.6948562,1972,2856.9999999999995
Coastal Karnataka,13.8431045,74.6948562,1973,3126.0
Coastal Karnataka,13.8431045,74.6948562,1974,3433.5
Coastal Karnataka,13.8431045,74.6948562,1975,4300.0
Coastal Karnataka,13.8431045,74.6948562,1976,2934.0000000000005
Coastal Karnataka,13.8431045,74.6948562,1977,3378.9
Coastal Karnataka,13.8431045,74.6948562,1978,3863.000000000002
Coastal Karnataka,13.8431045,74.6948562,1979,2823.5000000000005
Coastal Karnataka,13.8431045,74.6948562,1980,3762.1
Coastal Karnataka,13.8431045,74.6948562,1981,3848.6
Coastal Karnataka,13.8431045,74.6948562,1982,4090.7
Coastal Karnataka,13.8431045,74.6948562,1983,3942.1
Coastal Karnataka,13.8431045,74.6948562,1984,3359.1
Coastal Karnataka,13.8431045,74.6948562,1985,3015.7999999999997
Coastal Karnataka,13.8431045,74.6948562,1986,2934.5
Coastal Karnataka,13.8431045,74.6948562,1987,2716.2
Coastal Karnataka,13.8431045,74.6948562,1988,3466.6
Coastal Karnataka,13.8431045,74.6948562,1989,3215.6000000000013
Coastal Karnataka,13.8431045,74.6948562,1990,4120.5
Coastal Karnataka,13.8431045,74.6948562,1991,3719.7
Coastal Karnataka,13.8431045,74.6948562,1992,3882.1
Coastal Karnataka,13.8431045,74.6948562,1993,3481.300000000001
Coastal Karnataka,13.8431045,74.6948562,1994,4636.3
Coastal Karnataka,13.8431045,74.6948562,1995,3357.8
Coastal Karnataka,13.8431045,74.6948562,1996,3188.8
Coastal Karnataka,13.8431045,74.6948562,1997,3953.5
Coastal Karnataka,13.8431045,74.6948562,1998,3708.000000000002
Coastal Karnataka,13.8431045,74.6948562,1999,3779.8
Coastal Karnataka,13.8431045,74.6948562,2000,3351.4
Coastal Karnataka,13.8431045,74.6948562,2001,3111.7
Coastal Karnataka,13.8431045,74.6948562,2002,2793.2
Coastal Karnataka,13.8431045,74.6948562,2003,3071.9
Coastal Karnataka,13.8431045,74.6948562,2004,3069.8
Coastal Karnataka,13.8431045,74.6948562,2005,3470.9
Coastal Karnataka,13.8431045,74.6948562,2006,3837.3
Coastal Karnataka,13.8431045,74.6948562,2007,3860.300000000001
Coastal Karnataka,13.8431045,74.6948562,2008,3206.4
Coastal Karnataka,13.8431045,74.6948562,2009,3862.000000000002
Coastal Karnataka,13.8431045,74.6948562,2010,3686.7
Coastal Karnataka,13.8431045,74.6948562,2011,3908.6
Coastal Karnataka,13.8431045,74.6948562,2012,3137.1377719340185
Coastal Karnataka,13.8431045,74.6948562,2013,4229.499999999999
Coastal Karnataka,13.8431045,74.6948562,2014,3684.500000000002
Coastal Karnataka,13.8431045,74.6948562,2015,3105.9000000000005
Coastal Karnataka,13.8431045,74.6948562,2016,2619.7000000000007
Coastal Karnataka,13.8431045,74.6948562,2017,2947.6
North Interior Karnataka,16.200616399999998,75.42220033,1901,772.9000000000003
North Interior Karnataka,16.200616399999998,75.42220033,1902,716.1
North Interior Karnataka,16.200616399999998,75.42220033,1903,928.5
North Interior Karnataka,16.200616399999998,75.42220033,1904,578.6
North Interior Karnataka,16.200616399999998,75.42220033,1905,506.3
North Interior Karnataka,16.200616399999998,75.42220033,1906,783.9
North Interior Karnataka,16.200616399999998,75.42220033,1907,746.6999999999997
North Interior Karnataka,16.200616399999998,75.42220033,1908,595.1
North Interior Karnataka,16.200616399999998,75.42220033,1909,675.8000000000002
North Interior Karnataka,16.200616399999998,75.42220033,1910,759.5
North Interior Karnataka,16.200616399999998,75.42220033,1911,510.0
North Interior Karnataka,16.200616399999998,75.42220033,1912,758.8
North Interior Karnataka,16.200616399999998,75.42220033,1913,572.3
North Interior Karnataka,16.200616399999998,75.42220033,1914,824.9000000000003
North Interior Karnataka,16.200616399999998,75.42220033,1915,753.3
North Interior Karnataka,16.200616399999998,75.42220033,1916,1087.9
North Interior Karnataka,16.200616399999998,75.42220033,1917,823.9
North Interior Karnataka,16.200616399999998,75.42220033,1918,528.1
North Interior Karnataka,16.200616399999998,75.42220033,1919,727.0999999999997
North Interior Karnataka,16.200616399999998,75.42220033,1920,470.4
North Interior Karnataka,16.200616399999998,75.42220033,1921,583.0
North Interior Karnataka,16.200616399999998,75.42220033,1922,508.9
North Interior Karnataka,16.200616399999998,75.42220033,1923,602.6999999999998
North Interior Karnataka,16.200616399999998,75.42220033,1924,591.1999999999998
North Interior Karnataka,16.200616399999998,75.42220033,1925,642.8
North Interior Karnataka,16.200616399999998,75.42220033,1926,580.9999999999999
North Interior Karnataka,16.200616399999998,75.42220033,1927,680.8000000000002
North Interior Karnataka,16.200616399999998,75.42220033,1928,768.6
North Interior Karnataka,16.200616399999998,75.42220033,1929,598.1
North Interior Karnataka,16.200616399999998,75.42220033,1930,632.5999999999998
North Interior Karnataka,16.200616399999998,75.42220033,1931,719.2
North Interior Karnataka,16.200616399999998,75.42220033,1932,808.6999999999997
North Interior Karnataka,16.200616399999998,75.42220033,1933,947.2
North Interior Karnataka,16.200616399999998,75.42220033,1934,591.0999999999998
North Interior Karnataka,16.200616399999998,75.42220033,1935,714.9000000000003
North Interior Karnataka,16.200616399999998,75.42220033,1936,564.6
North Interior Karnataka,16.200616399999998,75.42220033,1937,552.4
North Interior Karnataka,16.200616399999998,75.42220033,1938,815.1
North Interior Karnataka,16.200616399999998,75.42220033,1939,653.9000000000002
North Interior Karnataka,16.200616399999998,75.42220033,1940,736.7
North Interior Karnataka,16.200616399999998,75.42220033,1941,535.6999999999998
North Interior Karnataka,16.200616399999998,75.42220033,1942,585.5
North Interior Karnataka,16.200616399999998,75.42220033,1943,879.2
North Interior Karnataka,16.200616399999998,75.42220033,1944,722.1999999999997
North Interior Karnataka,16.200616399999998,75.42220033,1945,544.0
North Interior Karnataka,16.200616399999998,75.42220033,1946,809.0
North Interior Karnataka,16.200616399999998,75.42220033,1947,786.4
North Interior Karnataka,16.200616399999998,75.42220033,1948,778.6
North Interior Karnataka,16.200616399999998,75.42220033,1949,763.3000000000003
North Interior Karnataka,16.200616399999998,75.42220033,1950,706.4
North Interior Karnataka,16.200616399999998,75.42220033,1951,708.4
North Interior Karnataka,16.200616399999998,75.42220033,1952,628.6
North Interior Karnataka,16.200616399999998,75.42220033,1953,891.0999999999997
North Interior Karnataka,16.200616399999998,75.42220033,1954,683.3000000000002
North Interior Karnataka,16.200616399999998,75.42220033,1955,967.1
North Interior Karnataka,16.200616399999998,75.42220033,1956,1038.9
North Interior Karnataka,16.200616399999998,75.42220033,1957,837.9
North Interior Karnataka,16.200616399999998,75.42220033,1958,751.9000000000003
North Interior Karnataka,16.200616399999998,75.42220033,1959,698.5000000000001
North Interior Karnataka,16.200616399999998,75.42220033,1960,691.5999999999997
North Interior Karnataka,16.200616399999998,75.42220033,1961,748.6
North Interior Karnataka,16.200616399999998,75.42220033,1962,838.8999999999999
North Interior Karnataka,16.200616399999998,75.42220033,1963,783.2
North Interior Karnataka,16.200616399999998,75.42220033,1964,899.8
North Interior Karnataka,16.200616399999998,75.42220033,1965,632.7999999999997
North Interior Karnataka,16.200616399999998,75.42220033,1966,723.5999999999997
North Interior Karnataka,16.200616399999998,75.42220033,1967,645.8
North Interior Karnataka,16.200616399999998,75.42220033,1968,727.3
North Interior Karnataka,16.200616399999998,75.42220033,1969,729.3
North Interior Karnataka,16.200616399999998,75.42220033,1970,790.6000000000001
North Interior Karnataka,16.200616399999998,75.42220033,1971,612.1
North Interior Karnataka,16.200616399999998,75.42220033,1972,499.3
North Interior Karnataka,16.200616399999998,75.42220033,1973,750.7
North Interior Karnataka,16.200616399999998,75.42220033,1974,817.1
North Interior Karnataka,16.200616399999998,75.42220033,1975,1093.6999999999996
North Interior Karnataka,16.200616399999998,75.42220033,1976,561.4
North Interior Karnataka,16.200616399999998,75.42220033,1977,849.9
North Interior Karnataka,16.200616399999998,75.42220033,1978,904.8
North Interior Karnataka,16.200616399999998,75.42220033,1979,963.2
North Interior Karnataka,16.200616399999998,75.42220033,1980,691.6999999999997
North Interior Karnataka,16.200616399999998,75.42220033,1981,877.2
North Interior Karnataka,16.200616399999998,75.42220033,1982,681.3999999999999
North Interior Karnataka,16.200616399999998,75.42220033,1983,777.8
North Interior Karnataka,16.200616399999998,75.42220033,1984,618.2
North Interior Karnataka,16.200616399999998,75.42220033,1985,501.1
North Interior Karnataka,16.200616399999998,75.42220033,1986,620.4
North Interior Karnataka,16.200616399999998,75.42220033,1987,747.0999999999997
North Interior Karnataka,16.200616399999998,75.42220033,1988,795.6
North Interior Karnataka,16.200616399999998,75.42220033,1989,676.0999999999998
North Interior Karnataka,16.200616399999998,75.42220033,1990,719.0
North Interior Karnataka,16.200616399999998,75.42220033,1991,720.0
North Interior Karnataka,16.200616399999998,75.42220033,1992,668.3
North Interior Karnataka,16.200616399999998,75.42220033,1993,731.8
North Interior Karnataka,16.200616399999998,75.42220033,1994,643.1000000000001
North Interior Karnataka,16.200616399999998,75.42220033,1995,662.4000000000002
North Interior Karnataka,16.200616399999998,75.42220033,1996,811.8000000000003
North Interior Karnataka,16.200616399999998,75.42220033,1997,1095.6999999999996
North Interior Karnataka,16.200616399999998,75.42220033,1998,852.5999999999997
North Interior Karnataka,16.200616399999998,75.42220033,1999,660.8
North Interior Karnataka,16.200616399999998,75.42220033,2000,712.5
North Interior Karnataka,16.200616399999998,75.42220033,2001,597.9
North Interior Karnataka,16.200616399999998,75.42220033,2002,530.4
North Interior Karnataka,16.200616399999998,75.42220033,2003,473.5
North Interior Karnataka,16.200616399999998,75.42220033,2004,641.9
North Interior Karnataka,16.200616399999998,75.42220033,2005,807.6
North Interior Karnataka,16.200616399999998,75.42220033,2006,650.5000000000001
North Interior Karnataka,16.200616399999998,75.42220033,2007,836.8000000000003
North Interior Karnataka,16.200616399999998,75.42220033,2008,712.4
North Interior Karnataka,16.200616399999998,75.42220033,2009,913.4
North Interior Karnataka,16.200616399999998,75.42220033,2010,853.1000000000001
North Interior Karnataka,16.200616399999998,75.42220033,2011,655.1
North Interior Karnataka,16.200616399999998,75.42220033,2012,583.8
North Interior Karnataka,16.200616399999998,75.42220033,2013,723.4000000000003
North Interior Karnataka,16.200616399999998,75.42220033,2014,756.6999999999997
North Interior Karnataka,16.200616399999998,75.42220033,2015,551.9000000000002
North Interior Karnataka,16.200616399999998,75.42220033,2016,625.0000000000001
North Interior Karnataka,16.200616399999998,75.42220033,2017,739.5999999999997
South Interior Karnataka,13.03310982,77.31184868,1901,1002.9
South Interior Karnataka,13.03310982,77.31184868,1902,1020.2
South Interior Karnataka,13.03310982,77.31184868,1903,1269.8999999999996
South Interior Karnataka,13.03310982,77.31184868,1904,845.9
South Interior Karnataka,13.03310982,77.31184868,1905,759.4999999999999
South Interior Karnataka,13.03310982,77.31184868,1906,1004.7
South Interior Karnataka,13.03310982,77.31184868,1907,998.4
South Interior Karnataka,13.03310982,77.31184868,1908,790.1000000000001
South Interior Karnataka,13.03310982,77.31184868,1909,1087.3
South Interior Karnataka,13.03310982,77.31184868,1910,1157.1
South Interior Karnataka,13.03310982,77.31184868,1911,906.2999999999996
South Interior Karnataka,13.03310982,77.31184868,1912,1149.8999999999996
South Interior Karnataka,13.03310982,77.31184868,1913,876.3000000000003
South Interior Karnataka,13.03310982,77.31184868,1914,926.7
South Interior Karnataka,13.03310982,77.31184868,1915,1031.7000000000005
South Interior Karnataka,13.03310982,77.31184868,1916,1230.6
South Interior Karnataka,13.03310982,77.31184868,1917,1094.3
South Interior Karnataka,13.03310982,77.31184868,1918,733.4
South Interior Karnataka,13.03310982,77.31184868,1919,1011.3
South Interior Karnataka,13.03310982,77.31184868,1920,828.8
South Interior Karnataka,13.03310982,77.31184868,1921,986.1
South Interior Karnataka,13.03310982,77.31184868,1922,897.1000000000001
South Interior Karnataka,13.03310982,77.31184868,1923,990.4
South Interior Karnataka,13.03310982,77.31184868,1924,1127.1
South Interior Karnataka,13.03310982,77.31184868,1925,982.4
South Interior Karnataka,13.03310982,77.31184868,1926,897.0000000000001
South Interior Karnataka,13.03310982,77.31184868,1927,863.8000000000003
South Interior Karnataka,13.03310982,77.31184868,1928,950.4
South Interior Karnataka,13.03310982,77.31184868,1929,1035.0
South Interior Karnataka,13.03310982,77.31184868,1930,993.4
South Interior Karnataka,13.03310982,77.31184868,1931,1012.5
South Interior Karnataka,13.03310982,77.31184868,1932,1270.1999999999996
South Interior Karnataka,13.03310982,77.31184868,1933,1329.0
South Interior Karnataka,13.03310982,77.31184868,1934,786.3
South Interior Karnataka,13.03310982,77.31184868,1935,954.7
South Interior Karnataka,13.03310982,77.31184868,1936,958.3
South Interior Karnataka,13.03310982,77.31184868,1937,911.1
South Interior Karnataka,13.03310982,77.31184868,1938,871.4
South Interior Karnataka,13.03310982,77.31184868,1939,1024.5
South Interior Karnataka,13.03310982,77.31184868,1940,1180.0000000000002
South Interior Karnataka,13.03310982,77.31184868,1941,937.6
South Interior Karnataka,13.03310982,77.31184868,1942,932.8
South Interior Karnataka,13.03310982,77.31184868,1943,1137.1
South Interior Karnataka,13.03310982,77.31184868,1944,1025.6
South Interior Karnataka,13.03310982,77.31184868,1945,792.4000000000003
South Interior Karnataka,13.03310982,77.31184868,1946,1245.1
South Interior Karnataka,13.03310982,77.31184868,1947,958.3000000000004
South Interior Karnataka,13.03310982,77.31184868,1948,1074.1
South Interior Karnataka,13.03310982,77.31184868,1949,876.4999999999999
South Interior Karnataka,13.03310982,77.31184868,1950,956.4
South Interior Karnataka,13.03310982,77.31184868,1951,925.3
South Interior Karnataka,13.03310982,77.31184868,1952,871.8000000000003
South Interior Karnataka,13.03310982,77.31184868,1953,1256.0
South Interior Karnataka,13.03310982,77.31184868,1954,1031.1
South Interior Karnataka,13.03310982,77.31184868,1955,1002.0
South Interior Karnataka,13.03310982,77.31184868,1956,1243.6
South Interior Karnataka,13.03310982,77.31184868,1957,1064.8
South Interior Karnataka,13.03310982,77.31184868,1958,1209.9
South Interior Karnataka,13.03310982,77.31184868,1959,1280.8000000000004
South Interior Karnataka,13.03310982,77.31184868,1960,990.1
South Interior Karnataka,13.03310982,77.31184868,1961,1409.5
South Interior Karnataka,13.03310982,77.31184868,1962,1306.9
South Interior Karnataka,13.03310982,77.31184868,1963,992.9
South Interior Karnataka,13.03310982,77.31184868,1964,1169.4
South Interior Karnataka,13.03310982,77.31184868,1965,735.1
South Interior Karnataka,13.03310982,77.31184868,1966,1010.9
South Interior Karnataka,13.03310982,77.31184868,1967,940.2
South Interior Karnataka,13.03310982,77.31184868,1968,1001.0
South Interior Karnataka,13.03310982,77.31184868,1969,1106.5
South Interior Karnataka,13.03310982,77.31184868,1970,1073.9
South Interior Karnataka,13.03310982,77.31184868,1971,1020.2
South Interior Karnataka,13.03310982,77.31184868,1972,1064.1
South Interior Karnataka,13.03310982,77.31184868,1973,1086.5
South Interior Karnataka,13.03310982,77.31184868,1974,1051.4
South Interior Karnataka,13.03310982,77.31184868,1975,1334.3
South Interior Karnataka,13.03310982,77.31184868,1976,761.3000000000003
South Interior Karnataka,13.03310982,77.31184868,1977,1207.7999999999995
South Interior Karnataka,13.03310982,77.31184868,1978,1231.4999999999998
South Interior Karnataka,13.03310982,77.31184868,1979,1120.7000000000005
South Interior Karnataka,13.03310982,77.31184868,1980,1225.0
South Interior Karnataka,13.03310982,77.31184868,1981,1184.5
South Interior Karnataka,13.03310982,77.31184868,1982,1003.5
South Interior Karnataka,13.03310982,77.31184868,1983,1111.1
South Interior Karnataka,13.03310982,77.31184868,1984,1063.9
South Interior Karnataka,13.03310982,77.31184868,1985,859.4
South Interior Karnataka,13.03310982,77.31184868,1986,1030.2
South Interior Karnataka,13.03310982,77.31184868,1987,934.6
South Interior Karnataka,13.03310982,77.31184868,1988,1022.2
South Interior Karnataka,13.03310982,77.31184868,1989,913.4
South Interior Karnataka,13.03310982,77.31184868,1990,848.5
South Interior Karnataka,13.03310982,77.31184868,1991,1221.1999999999996
South Interior Karnataka,13.03310982,77.31184868,1992,1201.1
South Interior Karnataka,13.03310982,77.31184868,1993,1038.1
South Interior Karnataka,13.03310982,77.31184868,1994,1157.6999999999996
South Interior Karnataka,13.03310982,77.31184868,1995,883.2
South Interior Karnataka,13.03310982,77.31184868,1996,1044.1
South Interior Karnataka,13.03310982,77.31184868,1997,1180.0999999999997
South Interior Karnataka,13.03310982,77.31184868,1998,1113.0
South Interior Karnataka,13.03310982,77.31184868,1999,1149.7
South Interior Karnataka,13.03310982,77.31184868,2000,1207.3
South Interior Karnataka,13.03310982,77.31184868,2001,926.4
South Interior Karnataka,13.03310982,77.31184868,2002,755.8
South Interior Karnataka,13.03310982,77.31184868,2003,762.7
South Interior Karnataka,13.03310982,77.31184868,2004,1133.5
South Interior Karnataka,13.03310982,77.31184868,2005,1319.3
South Interior Karnataka,13.03310982,77.31184868,2006,1030.5
South Interior Karnataka,13.03310982,77.31184868,2007,1231.0
South Interior Karnataka,13.03310982,77.31184868,2008,1140.6
South Interior Karnataka,13.03310982,77.31184868,2009,1158.4
South Interior Karnataka,13.03310982,77.31184868,2010,1239.8
South Interior Karnataka,13.03310982,77.31184868,2011,1087.3000000000004
South Interior Karnataka,13.03310982,77.31184868,2012,878.0
South Interior Karnataka,13.03310982,77.31184868,2013,1110.6
South Interior Karnataka,13.03310982,77.31184868,2014,1184.1
South Interior Karnataka,13.03310982,77.31184868,2015,1112.5
South Interior Karnataka,13.03310982,77.31184868,2016,687.4
South Interior Karnataka,13.03310982,77.31184868,2017,1061.8
Kerala,10.35287,76.51204,1901,3248.6000000000013
Kerala,10.35287,76.51204,1902,3326.5000000000005
Kerala,10.35287,76.51204,1903,3271.4
Kerala,10.35287,76.51204,1904,3129.6000000000013
Kerala,10.35287,76.51204,1905,2741.7
Kerala,10.35287,76.51204,1906,2708.1
Kerala,10.35287,76.51204,1907,3670.9
Kerala,10.35287,76.51204,1908,2648.300000000001
Kerala,10.35287,76.51204,1909,3050.1
Kerala,10.35287,76.51204,1910,2848.6
Kerala,10.35287,76.51204,1911,2726.8
Kerala,10.35287,76.51204,1912,3451.3
Kerala,10.35287,76.51204,1913,2610.7000000000007
Kerala,10.35287,76.51204,1914,2899.2
Kerala,10.35287,76.51204,1915,3024.700000000001
Kerala,10.35287,76.51204,1916,2945.4000000000005
Kerala,10.35287,76.51204,1917,2704.8
Kerala,10.35287,76.51204,1918,2501.9
Kerala,10.35287,76.51204,1919,3003.0999999999995
Kerala,10.35287,76.51204,1920,3303.2
Kerala,10.35287,76.51204,1921,2720.0
Kerala,10.35287,76.51204,1922,3267.7
Kerala,10.35287,76.51204,1923,3484.9
Kerala,10.35287,76.51204,1924,4226.299999999998
Kerala,10.35287,76.51204,1925,3062.200000000001
Kerala,10.35287,76.51204,1926,2965.4
Kerala,10.35287,76.51204,1927,2994.8
Kerala,10.35287,76.51204,1928,2502.7
Kerala,10.35287,76.51204,1929,3361.6000000000013
Kerala,10.35287,76.51204,1930,3018.0
Kerala,10.35287,76.51204,1931,3259.5
Kerala,10.35287,76.51204,1932,3403.1000000000013
Kerala,10.35287,76.51204,1933,4072.8
Kerala,10.35287,76.51204,1934,2410.7000000000007
Kerala,10.35287,76.51204,1935,2498.1
Kerala,10.35287,76.51204,1936,3043.0999999999995
Kerala,10.35287,76.51204,1937,2818.1
Kerala,10.35287,76.51204,1938,2634.1
Kerala,10.35287,76.51204,1939,2937.5
Kerala,10.35287,76.51204,1940,3117.8
Kerala,10.35287,76.51204,1941,3111.2
Kerala,10.35287,76.51204,1942,3051.0
Kerala,10.35287,76.51204,1943,3464.3
Kerala,10.35287,76.51204,1944,2489.9
Kerala,10.35287,76.51204,1945,2432.3
Kerala,10.35287,76.51204,1946,3565.5000000000005
Kerala,10.35287,76.51204,1947,2998.0
Kerala,10.35287,76.51204,1948,3039.2
Kerala,10.35287,76.51204,1949,2942.5
Kerala,10.35287,76.51204,1950,3146.7
Kerala,10.35287,76.51204,1951,2705.6
Kerala,10.35287,76.51204,1952,2334.8
Kerala,10.35287,76.51204,1953,2544.8
Kerala,10.35287,76.51204,1954,2937.9
Kerala,10.35287,76.51204,1955,3134.6
Kerala,10.35287,76.51204,1956,2798.3
Kerala,10.35287,76.51204,1957,3103.200000000001
Kerala,10.35287,76.51204,1958,2923.1
Kerala,10.35287,76.51204,1959,3746.2
Kerala,10.35287,76.51204,1960,3385.6
Kerala,10.35287,76.51204,1961,4257.9
Kerala,10.35287,76.51204,1962,3375.8
Kerala,10.35287,76.51204,1963,2651.0
Kerala,10.35287,76.51204,1964,2869.2
Kerala,10.35287,76.51204,1965,2342.4999999999995
Kerala,10.35287,76.51204,1966,2621.8
Kerala,10.35287,76.51204,1967,2569.1
Kerala,10.35287,76.51204,1968,3392.700000000001
Kerala,10.35287,76.51204,1969,2664.9
Kerala,10.35287,76.51204,1970,2703.3
Kerala,10.35287,76.51204,1971,3076.700000000001
Kerala,10.35287,76.51204,1972,2739.2000000000007
Kerala,10.35287,76.51204,1973,2412.4
Kerala,10.35287,76.51204,1974,2767.4999999999995
Kerala,10.35287,76.51204,1975,3498.4
Kerala,10.35287,76.51204,1976,2068.8
Kerala,10.35287,76.51204,1977,3047.6
Kerala,10.35287,76.51204,1978,3176.7
Kerala,10.35287,76.51204,1979,2503.100000000001
Kerala,10.35287,76.51204,1980,2803.4000000000005
Kerala,10.35287,76.51204,1981,3005.8
Kerala,10.35287,76.51204,1982,2223.3
Kerala,10.35287,76.51204,1983,2320.4999999999995
Kerala,10.35287,76.51204,1984,2762.2
Kerala,10.35287,76.51204,1985,2390.8
Kerala,10.35287,76.51204,1986,2093.4
Kerala,10.35287,76.51204,1987,2137.6
Kerala,10.35287,76.51204,1988,2403.4
Kerala,10.35287,76.51204,1989,2422.6
Kerala,10.35287,76.51204,1990,2693.3
Kerala,10.35287,76.51204,1991,3184.5000000000005
Kerala,10.35287,76.51204,1992,3239.3999999999987
Kerala,10.35287,76.51204,1993,2717.7
Kerala,10.35287,76.51204,1994,3410.8
Kerala,10.35287,76.51204,1995,2858.8
Kerala,10.35287,76.51204,1996,2609.9
Kerala,10.35287,76.51204,1997,3252.5
Kerala,10.35287,76.51204,1998,3151.4
Kerala,10.35287,76.51204,1999,2914.700000000001
Kerala,10.35287,76.51204,2000,2412.4999999999995
Kerala,10.35287,76.51204,2001,2931.0
Kerala,10.35287,76.51204,2002,2507.5
Kerala,10.35287,76.51204,2003,2394.8
Kerala,10.35287,76.51204,2004,2886.0
Kerala,10.35287,76.51204,2005,3031.2
Kerala,10.35287,76.51204,2006,3420.6000000000013
Kerala,10.35287,76.51204,2007,3489.6000000000013
Kerala,10.35287,76.51204,2008,2524.7000000000007
Kerala,10.35287,76.51204,2009,2810.7
Kerala,10.35287,76.51204,2010,3131.9
Kerala,10.35287,76.51204,2011,3035.2999999999997
Kerala,10.35287,76.51204,2012,2151.2000000000007
Kerala,10.35287,76.51204,2013,3255.5
Kerala,10.35287,76.51204,2014,3046.6
Kerala,10.35287,76.51204,2015,2600.7
Kerala,10.35287,76.51204,2016,1870.8
Kerala,10.35287,76.51204,2017,2664.8
Lakshadweep,10.16061778,73.51850944,1901,1459.2
Lakshadweep,10.16061778,73.51850944,1902,2158.8
Lakshadweep,10.16061778,73.51850944,1903,1437.9255424191683
Lakshadweep,10.16061778,73.51850944,1904,1176.9
Lakshadweep,10.16061778,73.51850944,1905,1574.9
Lakshadweep,10.16061778,73.51850944,1906,1811.6
Lakshadweep,10.16061778,73.51850944,1907,1458.8000000000006
Lakshadweep,10.16061778,73.51850944,1908,1959.1
Lakshadweep,10.16061778,73.51850944,1909,1463.4999999999998
Lakshadweep,10.16061778,73.51850944,1910,1849.2
Lakshadweep,10.16061778,73.51850944,1911,1687.6999999999994
Lakshadweep,10.16061778,73.51850944,1912,1654.9
Lakshadweep,10.16061778,73.51850944,1913,1518.5
Lakshadweep,10.16061778,73.51850944,1914,2034.0
Lakshadweep,10.16061778,73.51850944,1915,1545.4999999999998
Lakshadweep,10.16061778,73.51850944,1916,1398.5
Lakshadweep,10.16061778,73.51850944,1917,1461.5872568360262
Lakshadweep,10.16061778,73.51850944,1919,1926.5
Lakshadweep,10.16061778,73.51850944,1920,2072.5043738049712
Lakshadweep,10.16061778,73.51850944,1921,1589.4118631906244
Lakshadweep,10.16061778,73.51850944,1922,1928.5
Lakshadweep,10.16061778,73.51850944,1923,1572.2000000000005
Lakshadweep,10.16061778,73.51850944,1924,1972.0
Lakshadweep,10.16061778,73.51850944,1925,1676.9
Lakshadweep,10.16061778,73.51850944,1926,1836.2000000000005
Lakshadweep,10.16061778,73.51850944,1927,1413.0040352421345
Lakshadweep,10.16061778,73.51850944,1928,1434.2955034680697
Lakshadweep,10.16061778,73.51850944,1929,1562.1906848659005
Lakshadweep,10.16061778,73.51850944,1930,1258.4
Lakshadweep,10.16061778,73.51850944,1931,1625.8377719340183
Lakshadweep,10.16061778,73.51850944,1932,1893.7
Lakshadweep,10.16061778,73.51850944,1933,2314.1
Lakshadweep,10.16061778,73.51850944,1934,1087.9
Lakshadweep,10.16061778,73.51850944,1935,1529.2000000000005
Lakshadweep,10.16061778,73.51850944,1936,1744.0999999999997
Lakshadweep,10.16061778,73.51850944,1937,1443.6
Lakshadweep,10.16061778,73.51850944,1938,1547.5999999999997
Lakshadweep,10.16061778,73.51850944,1939,1207.3
Lakshadweep,10.16061778,73.51850944,1940,1406.6999999999994
Lakshadweep,10.16061778,73.51850944,1941,1163.4
Lakshadweep,10.16061778,73.51850944,1942,1786.2
Lakshadweep,10.16061778,73.51850944,1943,1992.8817116901744
Lakshadweep,10.16061778,73.51850944,1944,1668.1000000000006
Lakshadweep,10.16061778,73.51850944,1945,1321.2999999999995
Lakshadweep,10.16061778,73.51850944,1946,1362.2722697437632
Lakshadweep,10.16061778,73.51850944,1947,1755.9000000000003
Lakshadweep,10.16061778,73.51850944,1948,1325.3
Lakshadweep,10.16061778,73.51850944,1949,1794.6906848659005
Lakshadweep,10.16061778,73.51850944,1950,1494.1
Lakshadweep,10.16061778,73.51850944,1951,1715.3
Lakshadweep,10.16061778,73.51850944,1952,1124.5
Lakshadweep,10.16061778,73.51850944,1953,1606.2
Lakshadweep,10.16061778,73.51850944,1954,1555.5
Lakshadweep,10.16061778,73.51850944,1955,1548.3000000000006
Lakshadweep,10.16061778,73.51850944,1956,1287.4
Lakshadweep,10.16061778,73.51850944,1957,1347.2
Lakshadweep,10.16061778,73.51850944,1958,992.6
Lakshadweep,10.16061778,73.51850944,1959,1583.6
Lakshadweep,10.16061778,73.51850944,1960,1901.8
Lakshadweep,10.16061778,73.51850944,1961,2235.3
Lakshadweep,10.16061778,73.51850944,1962,1586.6
Lakshadweep,10.16061778,73.51850944,1963,1902.1
Lakshadweep,10.16061778,73.51850944,1964,1651.7
Lakshadweep,10.16061778,73.51850944,1965,1405.9
Lakshadweep,10.16061778,73.51850944,1966,1741.5
Lakshadweep,10.16061778,73.51850944,1967,1287.3
Lakshadweep,10.16061778,73.51850944,1968,1344.4000000000003
Lakshadweep,10.16061778,73.51850944,1969,1416.1
Lakshadweep,10.16061778,73.51850944,1970,1783.0000000000002
Lakshadweep,10.16061778,73.51850944,1971,1901.4
Lakshadweep,10.16061778,73.51850944,1972,1287.6
Lakshadweep,10.16061778,73.51850944,1973,1557.4
Lakshadweep,10.16061778,73.51850944,1974,1511.3
Lakshadweep,10.16061778,73.51850944,1975,1890.5
Lakshadweep,10.16061778,73.51850944,1976,1502.0999999999997
Lakshadweep,10.16061778,73.51850944,1977,1848.2
Lakshadweep,10.16061778,73.51850944,1978,1967.4
Lakshadweep,10.16061778,73.51850944,1979,1825.4
Lakshadweep,10.16061778,73.51850944,1980,1211.6999999999996
Lakshadweep,10.16061778,73.51850944,1981,1617.4
Lakshadweep,10.16061778,73.51850944,1982,1392.0000000000002
Lakshadweep,10.16061778,73.51850944,1983,1403.2
Lakshadweep,10.16061778,73.51850944,1984,1591.6
Lakshadweep,10.16061778,73.51850944,1985,1303.4
Lakshadweep,10.16061778,73.51850944,1986,1465.9
Lakshadweep,10.16061778,73.51850944,1987,1288.6
Lakshadweep,10.16061778,73.51850944,1988,1450.8000000000006
Lakshadweep,10.16061778,73.51850944,1989,1714.4
Lakshadweep,10.16061778,73.51850944,1990,1310.5
Lakshadweep,10.16061778,73.51850944,1991,1583.0
Lakshadweep,10.16061778,73.51850944,1992,1534.9
Lakshadweep,10.16061778,73.51850944,1993,1449.7
Lakshadweep,10.16061778,73.51850944,1994,1547.1
Lakshadweep,10.16061778,73.51850944,1995,2030.9
Lakshadweep,10.16061778,73.51850944,1996,1606.0
Lakshadweep,10.16061778,73.51850944,1997,1764.7
Lakshadweep,10.16061778,73.51850944,1998,1986.9
Lakshadweep,10.16061778,73.51850944,1999,1857.3
Lakshadweep,10.16061778,73.51850944,2000,1372.1
Lakshadweep,10.16061778,73.51850944,2001,1380.6
Lakshadweep,10.16061778,73.51850944,2002,1033.5
Lakshadweep,10.16061778,73.51850944,2003,1532.9
Lakshadweep,10.16061778,73.51850944,2004,1553.2
Lakshadweep,10.16061778,73.51850944,2005,1575.4
Lakshadweep,10.16061778,73.51850944,2006,1598.6
Lakshadweep,10.16061778,73.51850944,2007,2361.6
Lakshadweep,10.16061778,73.51850944,2008,1726.8
Lakshadweep,10.16061778,73.51850944,2009,1570.1
Lakshadweep,10.16061778,73.51850944,2010,1725.2000000000005
Lakshadweep,10.16061778,73.51850944,2011,1533.7000000000005
Lakshadweep,10.16061778,73.51850944,2012,1405.5
Lakshadweep,10.16061778,73.51850944,2013,1426.3
Lakshadweep,10.16061778,73.51850944,2014,1395.0
Lakshadweep,10.16061778,73.51850944,2015,1642.9
Lakshadweep,10.16061778,73.51850944,2016,1065.7
